country,founded,id,industry,linkedin_url,locality,name,region,size,website
canada,2022,eBdC5CoZekMwTVyaDpTaNwU3582y,hospital & health care,linkedin.com/company/legacy-healthcare-solutions-inc,toronto,legacy healthcare solutions inc.,ontario,11-50,legacyhealthsolutions.ca
canada,2011,IyPfr2OcVCQghOiCLkBOygDRtwsV,hospital & health care,linkedin.com/company/gold-cross-home-care-services,stoney creek,family caregiver café by gold cross home care inc.,ontario,1-10,goldcrosshomecare.com
canada,2022,ry5tvBXFk89nUuEt72XK5Qa5r6lt,hospital & health care,linkedin.com/company/prairie-med-solution-inc,edmonton,prairie med-solution inc.,alberta,1-10,prairiemedsolution.com
canada,,wHImvSNFGCAR8k2DhL3HiwQ0OWAT,hospital & health care,linkedin.com/company/centre-of-clinical-excellence-vfrh,surrey,centre of clinical excellence - veterans and first responders health,british columbia,11-50,vfrh.ca
canada,,NtiYsrjlSjrTvivB9BP8DAcOH7Ny,hospital & health care,linkedin.com/company/new-meadows-dental,pitt meadows,new meadows dental,british columbia,1-10,newmeadowsdental.com
canada,2000,J9yfYTzVjbCop820TNFfRwxaM6cC,hospital & health care,linkedin.com/company/connecting-care-2000-ltd,edmonton,connecting care (2000) inc.,alberta,201-500,connectingcare.ca
canada,,cwuHOFIMXJqhCClMCX9CWAzpa4NH,hospital & health care,linkedin.com/company/pension-du-bonheur,st. joseph,pension du bonheur,ontario,1-10,pensiondubonheur.ca
canada,,gpBSXJ7bBVSpStys52hZGg0v9NGh,hospital & health care,linkedin.com/company/sterling-todd-nordic-walking,mcdonalds corners,sterling todd nordic walking,ontario,1-10,sterlingtodd.ca
canada,1974,tTCtJCfVenyxW3mqAbe7pgrjZ1L6,hospital & health care,linkedin.com/company/mississauga-long-term-care-facility,mississauga,mississauga long term care facility,ontario,51-200,mltcfacility.com
canada,2021,7Bgz35zBusI10Itjkr6CEgj6VHHT,hospital & health care,linkedin.com/company/careprovide-canada,toronto,careprovide canada,ontario,11-50,careprovide.ca
canada,,YQ8NOelUfyTx9pPFw2uIyQP6jVP6,hospital & health care,linkedin.com/company/étoile-duo-centre-de-périnatalité-sociale,cookshire,étoile duo centre de périnatalité sociale,quebec,1-10,etoileduo.ca
canada,2021,88AEwms2R7hzBSQInWeSZwsNh6QS,hospital & health care,linkedin.com/company/internationally-trained-physicians-of-ontario,toronto,internationally trained physicians of ontario,ontario,11-50,itpo.ca
canada,2002,usTXow2pi9VVICcLWaCRrA2iYadw,hospital & health care,linkedin.com/company/westmount-terrace-retirement-home-senior-healthcare,hamilton,westmount terrace i inc,ontario,11-50,westmountterrace.ca
canada,,eMNDJAXgM0Vr1yRF1CYrOw00W7UQ,hospital & health care,linkedin.com/company/forge-healthcare-solutions-inc,concord,forge healthcare solutions inc.,ontario,1-10,forgehealthcare.ca
canada,2014,YENZFFoBjjWOQLAzGsS9kAn7PtDH,hospital & health care,linkedin.com/company/cardinal-place-retirement-home,windsor,cardinal place retirement home,ontario,1-10,cardinalplace.ca
canada,,55Ts1O9B6uBBvNHCTkCZNwLs8ffy,hospital & health care,linkedin.com/company/academy-hearing-centres,calgary,academy hearing centres,alberta,1-10,academyhearing.ca
canada,1986,Z2HlL2tmJ14BAkbzVj37JQTSHqM2,hospital & health care,linkedin.com/company/gesturetek-health,toronto,gesturetek health,ontario,11-50,gesturetekhealth.com
canada,2013,wxt7fdktbCeViCuffHHQcwSgif8U,hospital & health care,linkedin.com/company/richmondpediatrics.ca,richmond,"richmond pediatrics, bc",british columbia,1-10,richmondpediatrics.ca
canada,,JrOUq1ieU2Ssv9d0FnelIQ8haihR,hospital & health care,linkedin.com/company/comité-jeunesse-de-l-oriim,montréal,comité jeunesse de l'oriim/l,quebec,11-50,
canada,,xOx0SgqOlb43ERhYHpDXsA06lE6s,hospital & health care,linkedin.com/company/mississauga-halton-community-care-access-centre-ccac-,etobicoke,mississauga halton ccac,ontario,201-500,
canada,,OUU6zSc9UhkIAlQCh1cIXQdQCx7J,hospital & health care,linkedin.com/company/3shealth,regina,3shealth,saskatchewan,51-200,3shealth.ca
canada,,8AmgQdTxXwB095IEe9ZBLg3zcuCy,hospital & health care,linkedin.com/company/montreal-childrens-hospital,westmount,montreal childrens hospital,quebec,1-10,
canada,,f8DvvloHmigCoDkTbJi4OwDY39go,hospital & health care,linkedin.com/company/lightsflo,montréal,lightsflo,quebec,1-10,lightsflo.com
canada,,CI6CpzSnk612tUqCyXcmXQOg4Jch,hospital & health care,linkedin.com/company/family-and-community-services-strathcona-county,sherwood park,family and community services strathcona county,alberta,1-10,
canada,,wapJ89qmG6iXDB4Sacl4bQ3jUQuW,hospital & health care,linkedin.com/company/vaccine-center-of-excellence,vancouver,vaccine center of excellence,british columbia,1-10,vaccinecenterofexcellence.com
canada,2012,nPIm5aTQNojJBFeYR6IewwPPSGcf,hospital & health care,linkedin.com/company/entité-4,aurora,entité 4,ontario,1-10,entite4.ca
canada,1994,1M23LtRKizC9BTcVDABnNAevYROq,hospital & health care,linkedin.com/company/home-instead-richmond,richmond,home instead - richmond & surrey,british columbia,11-50,homeinstead.com/location/3042
canada,2021,xnb7xNzEaKIMJrnb8zlfzwkYRjAj,hospital & health care,linkedin.com/company/metatherapylab,markham,metalab: iv therapy & regenerative medicine,ontario,11-50,metatherapylab.com
canada,1977,WiowDxYvBSyq8KGspboJBgvxBUKH,hospital & health care,linkedin.com/company/west-nipissing-general-hospital,sturgeon falls,the west nipissing general hospital - hôpital général de nipissing ouest,ontario,201-500,wngh.ca
canada,2012,KddGBDglXW4jflRC2v8DvArZwvFA,hospital & health care,linkedin.com/company/forahealthymeinc.,markham,forahealthyme ai tele-rehab solution,ontario,1-10,forahealthyme.com
canada,2022,6LWCNLXYPsGv3YZPAaalSAyohO5R,hospital & health care,linkedin.com/company/surgip,toronto,surgip,ontario,1-10,
canada,2021,NoVignPMb1YCaTPg80Q7Xw1gtLEV,hospital & health care,linkedin.com/company/deb-gollob-consulting,newmarket,deb gollob consulting,ontario,1-10,
canada,,59dJuu2gJNfbhDw2Z8xxzgi6ZgOc,hospital & health care,linkedin.com/company/sos-changement,saint-jérôme,sos changement,quebec,1-10,soschangement.ca
canada,1964,yEBkXeoQnpUPGS4tn8u39w9um4pF,hospital & health care,linkedin.com/company/toronto-central-community-care-access-centre,toronto,toronto central community care access centre,ontario,501-1000,
canada,,NS7nVMjCLkAqZCC0lAcc3QgC9YCf,hospital & health care,linkedin.com/company/delhi-community-health-centre,delhi,delhi community health centre,ontario,1-10,dchc.ca
canada,,kBrWCRdJvEqb9VQgmwCFlgweEnyf,hospital & health care,linkedin.com/company/casa-hogar-inmaculada-concepción,montrose no. 315,casa hogar inmaculada concepción,saskatchewan,11-50,
canada,2013,6gxTR4yBSZwPp3C80q04mw1Kd8vs,hospital & health care,linkedin.com/company/arts-healing-hearts-toronto,toronto,arts healing hearts,ontario,11-50,artshealinghearts.org
canada,2020,8mtvuNcFZgV8MLre4sqd8wsJ6I0U,hospital & health care,linkedin.com/company/north-east-medical-clinic,calgary,calgarymd medical clinic,alberta,1-10,calgarymdmedicalclinic.com
canada,2020,Re7WuJvrFgsUJUUE9wOisgs650Rd,hospital & health care,linkedin.com/company/2msanté,montréal,2msanté,quebec,1-10,
canada,2014,UOp6MWGO7SCuBc5X4QQORA33nrD5,hospital & health care,linkedin.com/company/counselling-and-health-advocacy,vancouver,counselling & health advocacy by jenna reed-cote,british columbia,1-10,phoenixattitude.com
canada,2023,N33lPFxpMxylgHAZBwu8FwR5DVxw,hospital & health care,linkedin.com/company/panorama-health,toronto,panorama health,ontario,1-10,panoramahealth.ca
canada,,5UBnncLDj7Jzw6aRUrvXeg8ckt3Q,hospital & health care,linkedin.com/company/reach-nexus-ca,toronto,reach nexus,ontario,11-50,reachnexus.ca
canada,,GIqvN0WGJUMDzJy36komOgLiwMnx,hospital & health care,linkedin.com/company/centre-de-santé-communautaire-saint-thomas,edmonton,centre de santé communautaire saint-thomas,alberta,1-10,cscst.ca
canada,2019,yPVQ8yA4s66UiLockTqEsweEhcv3,hospital & health care,linkedin.com/company/victory-clinic,st. catharines,victory clinic - launching soon...,ontario,1-10,
canada,2016,tkYKRXHgCOVzcZFmh92s5w1KroiV,hospital & health care,linkedin.com/company/med-3d-network,st. john's,mun med 3d,newfoundland and labrador,1-10,med3dnetwork.ca
canada,,WSkKdUxbu9st3xTB9n9AaQE6nQDn,hospital & health care,linkedin.com/company/miramichi-regional-health-authority,miramichi,miramichi regional health authority,new brunswick,11-50,rha7.ca
canada,2007,McYawltFOKbqXTiLtI4AVApgB9Mo,hospital & health care,linkedin.com/company/laboratoire-medics-laboratory,quebec city,laboratoire medics laboratory,quebec,11-50,crulrg.ulaval.ca
canada,2019,f9vk5PYOxyuRZYYXpXCSJAJYDL9r,hospital & health care,linkedin.com/company/beam-radiology,calgary,beam radiology,alberta,51-200,beamradiology.com
canada,,srORXoGFnetJgBb6pjHGsgZMHmQo,hospital & health care,linkedin.com/company/surrey-memorial-hospital,surrey,surrey memorial hospital,british columbia,201-500,smhfoundation.com
canada,,mgfo0mooPO0TCYlAaLLI7A3QaWl2,hospital & health care,linkedin.com/company/springbank-psychology,calgary,springbank psychology,alberta,1-10,springbankpsychology.com
canada,2018,gXAbhIbXdCQMXQ2ycvVEWATaxKwd,hospital & health care,linkedin.com/company/pathways-dental-clinic,calgary,pathways dental clinic,alberta,1-10,pathwaysdental.ca
canada,,phsrQiLUUGgCJcGPBG3b2AoVnVKa,hospital & health care,linkedin.com/company/plant-based-canada-org,toronto,plant-based canada,ontario,1-10,plantbasedcanada.org
canada,2019,IX1l6fqdd8WKEooYfc7Ragd6y6eo,hospital & health care,linkedin.com/company/centre-de-sante-pelvienne,pointe-claire,centre de santé pelvienne,quebec,11-50,
canada,2020,4oVb1LGk9Fg4BdVHtBA63gHgm0pR,hospital & health care,linkedin.com/company/home-physio-canada,edmonton,home physio canada,alberta,1-10,homephysiocanada.com
canada,,QH2Dm0Go1whiGGUmNwB5fAY8mwXS,hospital & health care,linkedin.com/company/therapeutic-recreation-ontario,oshawa,therapeutic recreation ontario,ontario,1-10,trontario.org
canada,,YYWrPNdpu3j7xcYM2M6XGg1ihdOK,hospital & health care,linkedin.com/company/canadian-medical-solutions,calgary,canadian medical solutions,alberta,1-10,canmedsolutions.com
canada,,5VbE4QuOYx4yETgy8kIYbQdDwtaN,hospital & health care,linkedin.com/company/wellsite-first-aid,grande prairie,wellsite first aid,alberta,1-10,wellsitefirstaid.ca
canada,,FslbgtzSe2S0pfWrTEWMdgeqiK9W,hospital & health care,linkedin.com/company/provincial-pharmacy-bc-cancer,vancouver,provincial pharmacy bc cancer,british columbia,11-50,
canada,,Q88KF3RXhIXml7ZG0QEtxAXp8FYE,hospital & health care,linkedin.com/company/autumnliving,langley,autumn living,british columbia,11-50,autumnliving.ca
canada,,6nAOBEPG336xCgBPo0hz4Q6mVyXx,hospital & health care,linkedin.com/company/rehoboth-dental-care,stoney creek,rehoboth dental,ontario,11-50,rehobothdental.com
canada,2016,1VR7lWb4FT2LuzE4W1sQKwhjExwz,hospital & health care,linkedin.com/company/island-kids-cancer-association,victoria,island kids cancer association,british columbia,1-10,ikca.ca
canada,2014,TVDIfWCGTdI2OODJFOjlUQJziGNV,hospital & health care,linkedin.com/company/mycannabis-clinic,toronto,my cannabis clinic,ontario,11-50,
canada,,5ZxsphnEhyIjKYiMGqlnPA8ipMr4,hospital & health care,linkedin.com/company/wellax-healthcare-private-limited,charing cross,wellax healthcare private limited,ontario,1-10,
canada,1990,RhmpWZephfwv4FuPixR0iA9O3Erp,hospital & health care,linkedin.com/company/markham-stouffville-hospital,markham,markham stouffville hospital,ontario,1001-5000,msh.on.ca
canada,,ONaCyM7RByWWfLJ8HrqE9gvRmjCH,hospital & health care,linkedin.com/company/health-access-santé,beaconsfield,health access santé,quebec,1-10,ashcanada.com
canada,,TAgqTKZpxIMysBoj6bCFVQ9BA5K5,hospital & health care,linkedin.com/company/cabbagetown-dental-centre,toronto,cabbagetown dental centre,ontario,1-10,cabbagetowndental.com
canada,,Mv5D1QR4syi1CDmHPZ3WswxX30f0,hospital & health care,linkedin.com/company/vcare-rehab-center,markham,vcare rehab center,ontario,1-10,
canada,,ItlVqOlimKoYzvHTRT3byAnRMqE8,hospital & health care,linkedin.com/company/annapolis-valley-health,,annapolis valley health,,1001-5000,
canada,,wSOhWTmFgtRkcC5ywgbp0gpfy31G,hospital & health care,linkedin.com/company/the-village-of-erin-meadows,mississauga,the village of erin meadows,ontario,1-10,
canada,,AE2Kj68CCWHY7pTg6HBECwBTcuWy,hospital & health care,linkedin.com/company/canhealth-interactive,vancouver,canhealth international,british columbia,1-10,can-health.org
canada,,6lWCxUpNCVCTCMWvKUIk3wXkwOeo,hospital & health care,linkedin.com/company/sec-vent-de-l'ouest,sainte-genevieve,sec vent de l'ouest,quebec,1-10,
canada,,Z4yYIILC6zf42WZOTyyKPw04XmUk,hospital & health care,linkedin.com/company/sec-le-vü,sherbrooke,sec le vü,quebec,1-10,
canada,2019,uHy4XjN3svkKrgeb9Oi4qwDZ9OIf,hospital & health care,linkedin.com/company/rytehealth,toronto,ryte telemedicine,ontario,11-50,ryte.ai
canada,,jR1aEBWCiVRB4M7abkQyDAalLjOh,hospital & health care,linkedin.com/company/palladium-dental,ottawa,palladium dental,ontario,1-10,palladiumdental.ca
canada,2022,Kt7DSTAtlvMfw3qNtBXuJAnmmtSc,hospital & health care,linkedin.com/company/physio-anywhere,ottawa,physio anywhere,ontario,1-10,physioanywhere.ca
canada,,1czOIUIR7OSqNzPyjHrqVAmXEg9t,hospital & health care,linkedin.com/company/carerxcorp,toronto,carerx corporation,ontario,1001-5000,carerx.ca
canada,,o2qId3xF3E47vGkug8Cm7QvFdnOa,hospital & health care,linkedin.com/company/pawsitive-action-physical-rehabilitation-therapy,,pawsitive action physical rehabilitation therapy,,1-10,pawsitiveaction.ca
canada,2020,hpxxTvNLrumjcH9fwwxcHQZuOAYP,hospital & health care,linkedin.com/company/canadian-association-of-wilderness-medicine,kelowna,canadian association of wilderness medicine,british columbia,11-50,cawm.ca
canada,1987,0pmKema5IVDDCa1rRRa1gwAkGwCF,hospital & health care,linkedin.com/company/fondation-hôpital-pierre-boucher,longueuil,fondation hôpital pierre-boucher,quebec,1-10,fondationhpb.org
canada,,HiJlHorlesIxtFmBZ8axeQcraljG,hospital & health care,linkedin.com/company/northern-dental-centre,grande prairie,northern dental centre,alberta,11-50,northerndentalcentre.ca
canada,2012,QijHZ2I7fCea9msTKmL8HQ7sMbok,hospital & health care,linkedin.com/company/alio-health,ottawa,"alio health services, a calian company",ontario,11-50,aliohealth.com
canada,1948,lAo40FMt4fAsSfcQ8iBKBA6tlyDE,hospital & health care,linkedin.com/company/sunnybrook-health-sciences-centre,toronto,sunnybrook,ontario,10001+,sunnybrook.ca
canada,,H1LQuBOjyDwAPEqH9nmQ3gbarrUM,hospital & health care,linkedin.com/company/abundance-healthcare,hamilton,abundance healthcare,ontario,11-50,abundancehealthcare.ca
canada,2019,CKgssE7yuDN4dI199dFpdgObjery,hospital & health care,linkedin.com/company/careondemand,north york,careondemand home healthcare & staffing services,ontario,51-200,careondemand.org
canada,,gDmtpGiONhHd5cJmJ3YSNAUe5QDN,hospital & health care,linkedin.com/company/cristini-athletics-therapy,markham,cristini athletics therapy,ontario,1-10,cristiniathleticstherapy.com
canada,,cfycasyoRo99R4E7fsL3sgGl5mEX,hospital & health care,linkedin.com/company/karim-minaz-dr,toronto,karim minaz dr,ontario,1-10,leasideparkdental.com
canada,,z3Al2rb8BLhjhTOqO9mulQHHQhey,hospital & health care,linkedin.com/company/living-at-home-ltd,toronto,living at home ltd.,ontario,1-10,keeplivingathome.ca
canada,,0RAvtzoCjZBdMQX2QNcSgAOprbKQ,hospital & health care,linkedin.com/company/claxton-denture-clinic,shelburne,claxton denture clinic,ontario,1-10,claxtondentureclinic.com
canada,,sGBsY2WczOa2t94as5EGXAv3Wk3a,hospital & health care,linkedin.com/company/orthopedic-appliance-research,toronto,orthopedic appliance research,ontario,1-10,
canada,2014,pulu9Ez5UrQ0E6B5cOCrCQKmC1CS,hospital & health care,linkedin.com/company/kingstonneurofeedback,kingston,kingston institute of neurofeedback,ontario,11-50,kinf.ca
canada,1998,mAcmBi1KIVQK6v28GQeb2AcZBBDx,hospital & health care,linkedin.com/company/carestream-medical,surrey,carestream medical,british columbia,51-200,carestreammedical.com
canada,2014,mSxZfP5K5mMy4ComP7bUeg7YIl1o,hospital & health care,linkedin.com/company/red-medical-supplies,vancouver,red medical supplies,british columbia,1-10,redmedsupplies.com
canada,1974,0HhM6s4iFZvgrMVpdWlNoApt15FT,hospital & health care,linkedin.com/company/paramed-home-health-care,markham,paramed home health care,ontario,10001+,paramed.com
canada,,hku3gf1lpcbS1aZemOltOQPPCZy8,hospital & health care,linkedin.com/company/the-canadian-seniors-association,vancouver,the canadian seniors association,british columbia,11-50,
canada,2023,SBmBsmWcnUtdd4ITp1oENwWo6qOd,hospital & health care,linkedin.com/company/wisewaysphysio,calgary,wiseways physio,alberta,1-10,wisewaysphysio.com
canada,1964,R2fwTGYiqIKN7Rre9cS1gQwYIPTa,hospital & health care,linkedin.com/company/brentwood-recovery-home,windsor,brentwood recovery home,ontario,11-50,brentwoodrecovery.com
canada,,dgtRnHsqDB6hesZaWL3TugmBvCXK,hospital & health care,linkedin.com/company/reseau-access-network-1,sudbury,réseau access network,ontario,11-50,reseauaccessnetwork.com
canada,,QKkc8bITMW1WnEOCoMEbZwnR7iOC,hospital & health care,linkedin.com/company/sec-le-félix-vaudreuil-dorion,vaudreuil-dorion,sec le félix vaudreuil-dorion,quebec,1-10,
canada,,KG0i8H2XYGurre4c0it5mQI8a6ZS,hospital & health care,linkedin.com/company/lesmill-employment-&-social-services,toronto,lesmill employment & social services,ontario,1-10,
canada,,hU7uZyZ3VPAsC0CBx7tehAYLt1RH,hospital & health care,linkedin.com/company/woolwich-physiotherapy,elmira,woolwich physiotherapy & associates inc.,ontario,1-10,woolwichphysio.ca
canada,2023,SExqSqN8YTGcP0Jw8FFC3AfYTuQk,hospital & health care,linkedin.com/company/tailor-made-slp,surrey,tailor made speech-language pathology,british columbia,1-10,tailormadeslp.ca
canada,2007,6Hsxh4E1ek6B6Ze1512AlALOTNhQ,hospital & health care,linkedin.com/company/klox-technologies-inc.,laval,klox technologies,quebec,51-200,
canada,1996,hcQ5v00VOavbjeXu5uRzZgNGBxiR,hospital & health care,linkedin.com/company/seasons-care-inc-,tecumseh,seasons care dietitian network,ontario,51-200,seasonscare.com
canada,2013,KthNUgmG30nV7SWDo8wL7guaOKAb,hospital & health care,linkedin.com/company/jmsw-group,montréal,jmsw group,quebec,11-50,jmswgroup.com
canada,1977,7ujEx52q71nImvnzaIKMawCj6G6e,hospital & health care,linkedin.com/company/spina-bifida-&-hydrocephalus-association-of-bc-sbhabc-,vancouver,spina bifida & hydrocephalus association of bc (sbhabc),british columbia,1-10,sbhabc.org
canada,2017,zAf41WaQ3kZIk8yQbqagRQWexLkh,hospital & health care,linkedin.com/company/sciart-solutions,toronto,sciart,ontario,1-10,sciart.solutions
canada,2017,NBBtMXXxRQDVFz7CFFUfGwBVH5oF,hospital & health care,linkedin.com/company/compass-cannabis-clinic,kelowna,compass cannabis clinic,british columbia,11-50,compasscannabis.ca
canada,2017,x8eOZ5thUG5ODBhCW0f2vA1cUeAH,hospital & health care,linkedin.com/company/paul-jozsef-counselling-psychotherapy,westmount,paul jozsef counselling & coaching,quebec,1-10,pauljozsef.com.au
canada,1913,zJHbkvbHBSvhaIUUKV7m4QaGCYgP,hospital & health care,linkedin.com/company/mbcollegerns,winnipeg,college of registered nurses of manitoba,manitoba,11-50,crnm.mb.ca
canada,,o9xdthZNtYUQQMgUBYt4dAJu6jsZ,hospital & health care,linkedin.com/company/sterling-health-can,edmonton,sterling health,alberta,11-50,sterling-health.ca
canada,,zilvCGpXGgYCxjerq6kCPAXwWp6M,hospital & health care,linkedin.com/company/direct-support-care-inc,newmarket,direct support care inc,ontario,1-10,directsupportcare.com
canada,1878,XtN9OovnBkTFqS9qOurAcwXLcyGM,hospital & health care,linkedin.com/company/pembroke-regional-hospital,pembroke,pembroke regional hospital,ontario,501-1000,pemreghos.org
canada,1998,T0dU2oxJrcZCusPRXz0upw17ISP6,hospital & health care,linkedin.com/company/physio-tech-coaticook,coaticook,physio tech coaticook,quebec,1-10,physiotechcoaticook.com
canada,2000,jeRY5duCBkCv2Amt8o5j7gFcoh6H,hospital & health care,linkedin.com/company/bfi-ontario,guelph,baby-friendly initiative ontario,ontario,1-10,bfiontario.ca
canada,,0BrLAnrCR1uMBvps6G4ELQfVmyMU,hospital & health care,linkedin.com/company/nb-trauma-program,saint john,nb trauma program | programme de traumatologie du nb,new brunswick,11-50,
canada,2020,j69OdYNFBUdlZm9qnd0tuwtxYH0c,hospital & health care,linkedin.com/company/pacific-tmd-clinic,vancouver,pacific tmd care clinic,british columbia,1-10,pacifictmd.ca
canada,,CMTxcsBobBNAeETrakzBKQjjP9Mc,hospital & health care,linkedin.com/company/glendale-dental-centre,,glendale dental centre,,11-50,glendaledental.ca
canada,,QnpPkufA8NAHYMUfnT3IqwGlMHxd,hospital & health care,linkedin.com/company/intelligent-medical-solutions-inc,toronto,intelligent medical solutions,ontario,1-10,
canada,,N7qwInhX1BbHLrfcFJuk6w8UrZoW,hospital & health care,linkedin.com/company/cambrian-speech,kingston,cambrian speech-language solutions,ontario,1-10,cambrianspeech.com
canada,,sAnLI5FtmPb2Co1MW1vtIg7bxcqs,hospital & health care,linkedin.com/company/clinique-d'osteopathie,gatineau,clinique d'osteopathie,quebec,1-10,osteopathie-sante.com
canada,2010,8iwWYjNruQPwOCBI2HcknwFgTcJO,hospital & health care,linkedin.com/company/epiciti-health-services-inc-,richmond hill,epiciti mobile dental care,ontario,1-10,epiciti.ca
canada,,LuMLefSRM7Q4rVHFwWUCdATlgzBL,hospital & health care,linkedin.com/company/oasis-health-system-airdrie,airdrie,oasis health system airdrie,alberta,1-10,oasishealthairdrie.com
canada,1958,0wCPsM2EJw3IQNzCywjNcQXFVqZJ,hospital & health care,linkedin.com/company/accreditation-canada-international,ottawa,accreditation canada international,ontario,51-200,internationalaccreditation.ca
canada,2023,JLz1E1sIJBhWlaicWmB30gwzx5vk,hospital & health care,linkedin.com/company/ears-to-you-calgary,calgary,ears to you calgary,alberta,1-10,
canada,2022,WjmcCQ8WCCJSRVHyuVeABQZwW69Q,hospital & health care,linkedin.com/company/caring-hands-servivces,hamilton,caring hands services,ontario,1-10,chservicespro.ca
canada,2020,1hT1nT5zpANY7EIrRL7ByAlFSoKS,hospital & health care,linkedin.com/company/compass-eldercare,comox,keystone eldercare solutions,british columbia,1-10,compasseldercare.com
canada,,8LkYrbsTSzDpgeeBimID0w3Piumu,hospital & health care,linkedin.com/company/the-orchards-retirement-residence,lincoln,the orchards retirement residence,ontario,11-50,theorchardsresidence.ca
canada,2012,0MJbkgfJCBBAyl68Hr67vwPyluvp,hospital & health care,linkedin.com/company/data-based-medicine-americas-ltd,toronto,data based medicine americas ltd,ontario,1-10,rxisk.org
canada,2018,jU3QUEn0Huj14QrAMq5BHA3hdJNN,hospital & health care,linkedin.com/company/divine-favour-senior-homecare,richmond hill,divine favour healthcare staffing inc,ontario,11-50,divinefavourhomecare.com
canada,,3InrBWs2ny4n4xVY6iiAxQm0rEyA,hospital & health care,linkedin.com/company/chartwell-riverside-retirement-residence,london,chartwell riverside retirement residence,ontario,1-10,chartwellriverside.ca
canada,2018,HSriDubHOu8qc4TEjr9pqwb7hiOd,hospital & health care,linkedin.com/company/beyond-physiotherapy,surrey,beyond physiotherapy,british columbia,11-50,beyondphysiotherapy.ca
canada,2022,CwumqojI8IXxTuxudxoC0QpxLMxj,hospital & health care,linkedin.com/company/hayward-health-inc,london,hayward healthcare,ontario,1-10,haywardhealth.ca
canada,,FpoDKFDfJb11m292FTEZRwj8wM1q,hospital & health care,linkedin.com/company/gardens-of-ingersoll-retirement-home,ingersoll,gardens of ingersoll retirement home,ontario,1-10,gardensofingersoll.ca
canada,2017,7u9hQwVx0gNc523ZyXB7yADr7n0o,hospital & health care,linkedin.com/company/mommy-monitor,toronto,mino care,ontario,11-50,minocare.ca
canada,2007,aHvtyWoPZGy4aA53Emr5MgWQv4Sc,hospital & health care,linkedin.com/company/clinique-soins-nathy,montréal,clinique soins nathy,quebec,1-10,soinsnathy.com
canada,,ZR3Gue4oRZgMK8kUPWFBtA4UQXnm,hospital & health care,linkedin.com/company/extendicare-laurier-manor,gloucester,extendicare laurier manor,ontario,1-10,extendicarelauriermanor.com
canada,1991,onsrzpBl9E05pflc5BW7MA5TnZ5L,hospital & health care,linkedin.com/company/brain-injury-services-of-northern-ontario,,brain injury services of northern ontario,,51-200,bisno.org
canada,1986,E0DyI5fgDYHGTFzwUpy8bQiknBzc,hospital & health care,linkedin.com/company/the-discovery-health-care-foundation,clarenville,the discovery health care foundation,newfoundland and labrador,1-10,discoveryhealthcarefoundation.com
canada,,70ihivzLrFwQQcMHYVsfnArrlAnD,hospital & health care,linkedin.com/company/golden-rays-apothecary-&-wellness,prince george,golden rays apothecary & wellness,british columbia,1-10,goldenrayspg.com
canada,2011,hTTaS5VQzDJLG3BOIgXgAAC98jmF,hospital & health care,linkedin.com/company/lymphedema-association-of-manitoba,winnipeg,lymphedema association of manitoba,manitoba,11-50,lymphmanitoba.ca
canada,2001,lG5Ii1DMlbqmBg7V1NziyQqft8Xt,hospital & health care,linkedin.com/company/soins-beckford,montréal,soins beckford,quebec,1-10,
canada,,KO41VZ2bAaoRxsdU90LVTAn9MIIW,hospital & health care,linkedin.com/company/st.-george-wellness-centre,saint george,st. george wellness centre,ontario,1-10,stgeorgewellness.ca
canada,,XAdHu5mbPFTpH1B2VjMJkgkTpXfS,hospital & health care,linkedin.com/company/perrimed,windsor,perrimed first aid & cpr training,ontario,11-50,perrimed.com
canada,2023,cLmpVbialFS0x3Wz92dQFwhlRINI,hospital & health care,linkedin.com/company/thenorthernontarioinitiative,toronto,the northern ontario initiative (tnoi),ontario,1-10,elevatecareersconf.wixsite.com/website
canada,,EO7E0avOiLjuEuGdO4wjnQP7nnfo,hospital & health care,linkedin.com/company/facedrive-health,toronto,facedrive health,ontario,11-50,facedrivehealth.com
canada,,6VAlBdYLk0MMwHXpW6Lj9g08i8FR,hospital & health care,linkedin.com/company/hythe-&-district-pioneer-home,hythe,hythe & district pioneer home,alberta,1-10,hythepioneerhomes.ca
canada,1996,ham0vGV6HOAABTUCjEgiBgNDUTHp,hospital & health care,linkedin.com/company/mediscript-communications,coquitlam,mediscript,british columbia,1-10,
canada,,frbWiNdgxtUftyuY8cnl3w2DZu8H,hospital & health care,linkedin.com/company/toronto-children's-therapy-centre,toronto,toronto children's therapy centre,ontario,51-200,torontochildrenstherapycentre.ca
canada,,KCySzOa5V0BoH1r6ZAELCAc2prIz,hospital & health care,linkedin.com/company/dorval-mechanical-inc,mississauga,dorval mechanical inc,ontario,1-10,
canada,1982,iC4LOU48yMIBjSmGtBzgTwBqWaVF,hospital & health care,linkedin.com/company/dialysis-management-clinics-inc,markham,dialysis management clinics,ontario,11-50,dialysismanagementclinics.ca
canada,1927,GO328CHWxeSOLU64wAGmDQpIjnky,hospital & health care,linkedin.com/company/bc-women-hospital-and-health-centre,vancouver,bc women's hospital and health centre,british columbia,1001-5000,bcwomens.ca
canada,1997,mdJdqKjGopLUOW70ZtNPyQyKdkvY,hospital & health care,linkedin.com/company/health-staffing,new westminster,health staffing,british columbia,11-50,healthstaffing.ca
canada,2017,6X4emZFrRNCUNMgdWDuWNwim7Ky5,hospital & health care,linkedin.com/company/catalytics-inc,hamilton,catalytics inc.,ontario,1-10,catalyticsinc.com
canada,2020,8PDRHgEuv5hTe8LmVQz11AgXTqYh,hospital & health care,linkedin.com/company/delta-diagnosis-solution,richmond,delta diagnosis solution inc,ontario,1-10,deltadiagnosis.com
canada,,zzbHaut0Gw41L8kqb9JL2gluFDlG,hospital & health care,linkedin.com/company/rosewood-villa,fort macleod,rosewood villa,alberta,11-50,
canada,,NDvvMG5gFgbeKdLF1wNFHQdU3k7K,hospital & health care,linkedin.com/company/back-in-motion-physiotherapy-and-active-rehab,burnaby,back in motion physiotherapy and active rehab,british columbia,1-10,
canada,,xBwHBP9WBYHCtLlhV3TyJQzDfuB7,hospital & health care,linkedin.com/company/market-arms-limited,banff,market arms limited,alberta,1-10,marketingarm.com
canada,,TEoE9xJCEzDIqMC5jlzkuQ9XwPgs,hospital & health care,linkedin.com/company/groupe-santé-brunswick-brunswick-health-group,pointe-claire,groupe santé brunswick / brunswick health group,quebec,1-10,
canada,,OxrQQ8l7fpgBwYcfVbcr9A1e4THP,hospital & health care,linkedin.com/company/hart-laundry-services,smiths falls,hart laundry services,ontario,1-10,hartlaundryservices.com
canada,1969,SOypt5zYad6NMcf7MlWbVgLjBdzG,hospital & health care,linkedin.com/company/evergreen-home-for-special-care,kentville,evergreen home for special care,nova scotia,51-200,evergreenhome.ns.ca
canada,,v1BYq9EC99eH3H4JPfW65Aom3qbN,hospital & health care,linkedin.com/company/sherbourne-health-centre,toronto,sherbourne health,ontario,51-200,sherbourne.on.ca
canada,,LEbKD312e0CwSfHX3gDOwAXhEy02,hospital & health care,linkedin.com/company/heiltsuk-cultural-education-centre,bella bella,heiltsuk cultural education centre,british columbia,11-50,hcec.ca
canada,2019,LZ5chwmRT8gYCXEfXkIw2g46Q1XG,hospital & health care,linkedin.com/company/canadian-phlebotomy-technicians-group-inc,mississauga,canadian phlebotomy technicians group inc.,ontario,1-10,mycptg.ca
canada,,qr5KPSOPtPCzGdr2UBjV0wbpEV0s,hospital & health care,linkedin.com/company/huraymed,toronto,huraymed inc,ontario,1-10,
canada,2021,ZsImfKBAxvEH5TVfZYrVzA8DZnan,hospital & health care,linkedin.com/company/respiterequest,ottawa,respiterequest.com,ontario,1-10,respiterequest.com
canada,2020,vOCyZC7vCCywSS3CWFZnawdNVMPl,hospital & health care,linkedin.com/company/visita-virtual-inc,newmarket,visita virtual inc.,ontario,1-10,visitavirtual.ca
canada,,YdBWeq38HHnBdy3iLHwb2Q0HwFuF,hospital & health care,linkedin.com/company/quality-carers-limited,union road,quality carers limited,prince edward island,1-10,
canada,2017,Pyvq9gPTniWXJZtMbtcz8gax7VvL,hospital & health care,linkedin.com/company/canadas-childrens-hospital-foundations,toronto,canada's children's hospital foundations,ontario,11-50,childrenshospitals.ca
canada,1979,pV1o0HfxM2CfeUUVHcSgzQnCkAUg,hospital & health care,linkedin.com/company/maison-nazareth-inc,moncton,maison nazareth inc,new brunswick,11-50,maison-nazareth.org
canada,2022,pQAk72w8CBhXrDQBYx7U4ge9AB6r,hospital & health care,linkedin.com/company/borealaudiology,dryden,boreal audiology & hearing services,ontario,1-10,hearboreal.ca
canada,,JEHKFmvMJedHOPm3k2ea1AWD8rgq,hospital & health care,linkedin.com/company/cambie-surgery-centre,vancouver,cambie surgery centre,british columbia,51-200,cambiesurgery.com
canada,,75ahk9TZ4R3qaDKPWtoNJgexCC4E,hospital & health care,linkedin.com/company/shreve-denture-clinic,leamington,shreve denture clinic,ontario,1-10,shrevedentureclinic.com
canada,,IazCvOarBPCU9ivgIuQ8rQr8bLBD,hospital & health care,linkedin.com/company/clinique-komini,boucherville,clinique komini,quebec,1-10,komini.ca
canada,,5yER8Sm89cAAd8B6CeU5DALbbSGG,hospital & health care,linkedin.com/company/centre-de-coordination-en-télésanté-du-ruis-de-l'université-de-sherbrooke,sherbrooke,centre de coordination de la télésanté,quebec,11-50,
canada,,lvEDe2j1RgNj0yhLC0zL7AxAt3Yn,hospital & health care,linkedin.com/company/radiologie-laennec-inc-,mount royal,radiologie laennec inc.,quebec,51-200,radiologielaennec.com
canada,1997,WzKeDsyxHb2acuQzQAAbBAB2Yu7M,hospital & health care,linkedin.com/company/caregivers,st. john's,caregivers,newfoundland and labrador,201-500,caregiversnl.com
canada,,WbFL4U9dJqzQx7fhGu2BfQqzQCh2,hospital & health care,linkedin.com/company/maison-andr-viger,montréal,maison andré viger,quebec,1-10,andreviger.qc.ca
canada,2020,uTg76LrX2pElvtU0kXuoOwZHyMpf,hospital & health care,linkedin.com/company/encompasshealthcarecanada,thunder bay,encompass healthcare,ontario,1-10,encompasshealthcare.ca
canada,,ZgCSVcskOUkbIUYSdu3eEghfeuqb,hospital & health care,linkedin.com/company/northumberland-community-counselling-centre,cobourg,northumberland community counselling centre,ontario,1-10,northumberlandccc.com
canada,,x1SGq6gbqSXw3JCNXR0CdgnquGg2,hospital & health care,linkedin.com/company/longevitycarecanada,calgary,longevity care,alberta,11-50,longevitycare.ca
canada,2004,W6wBEOi2ayC4FPXoICohCQWcbs7P,hospital & health care,linkedin.com/company/yorkville-oral-surgery,toronto,yorkville oral & maxillofacial surgery,ontario,1-10,yorkvilleoralsurgery.com
canada,,5vkvjgKJmrjoxUi2nq0hcgS44FpS,hospital & health care,linkedin.com/company/enact-safety-solutions-inc,north bay,enact safety solutions inc,ontario,1-10,enactsafety.ca
canada,1970,A7Q92SeNo7m7GzXjEfg9Ow09dAI8,hospital & health care,linkedin.com/company/shepherd's-care-foundation,edmonton,shepherd's care foundation,alberta,501-1000,shepherdscare.org
canada,2018,EYZNcJIt39Myq66avgCAcAQo4GXI,hospital & health care,linkedin.com/company/the-better-program,toronto,the better institute,ontario,1-10,better-program.ca
canada,2016,qNaUr8VzqmkAC2X2HeXN4gMDgBRV,hospital & health care,linkedin.com/company/asolvex,toronto,"asolvex, inc",ontario,1-10,asolvex.com
canada,2006,dT6sbhbYbv5eFPCiT0JCOwvAMw4g,hospital & health care,linkedin.com/company/tongueterner,toronto,tongue terner,ontario,1-10,tongueterner.com
canada,,3inQ7ERmEdPmqLoJC7EPOgsT65zc,hospital & health care,linkedin.com/company/gscn-inc,brampton,global speciality care network inc.,ontario,1-10,
canada,2022,39FVzsfHQKCHZEUR4BOxnwYUka9a,hospital & health care,linkedin.com/company/concept-pharmacy-clinic-design,edmonton,concept pharmacy + clinic design,alberta,1-10,pharmacyclinicdesign.com
canada,,iwSBGutWytA7scCSRheO8wQcxbWt,hospital & health care,linkedin.com/company/welllongevity,vancouver,well health medical & longevity centres,british columbia,11-50,falsecreekwellness.ca
canada,,07JmwQDlf2Bdn4uCCYgyBgAAEtaY,hospital & health care,linkedin.com/company/med-rehab-solutions,vancouver,med rehab solutions,british columbia,1-10,medrehab-solutions.com
canada,2017,7zBZFqjOCcZYA9V25n3DAAWqoLXv,hospital & health care,linkedin.com/company/quinte-west-physician-recruitment-and-retention,trenton,docs by the bay physician recruitment and retention,ontario,1-10,quintewestdocs.ca
canada,2019,MH0B5Sz9Fu01qjBGgqiLKQyXMgHM,hospital & health care,linkedin.com/company/cinnotran,waterloo,cinnotran,ontario,1-10,cinnotran.com
canada,,cm3wH6qSZFSWm9y2STzoyg48vvLx,hospital & health care,linkedin.com/company/dove-health-group,edmonton,dove health group,alberta,11-50,dovehealth.ca
canada,,MKTV0mZJlrroBzq2glmWmAK4QWzi,hospital & health care,linkedin.com/company/manitoba-dental-foundation,winnipeg,manitoba dental foundation,manitoba,11-50,
canada,1998,j53fK7CuinALjq7WrSaQKADwmJOm,hospital & health care,linkedin.com/company/iridia-medical,vancouver,iridia medical,british columbia,51-200,iridiamedical.com
canada,2014,h7Ex5TYCHBzEBhuMU6SFBgJL5Jj8,hospital & health care,linkedin.com/company/alwaysbestcarevancouver,north vancouver,"always best care lower mainland, bc",british columbia,11-50,
canada,,3bznXhYkXVbon8GBEQ6MkQU5Corl,hospital & health care,linkedin.com/company/long-term-care-planning-network,toronto,long term care planning network,ontario,1-10,ltcplanningnetwork.com
canada,,YmVKV0vG2ttkimq7LcOMZAVArJLU,hospital & health care,linkedin.com/company/peers-victoria-resource-society,victoria,peers victoria resource society,british columbia,1-10,peers.bc.ca
canada,1953,N8Z7NGQbPC4lDB1UMUtaYAYP3l7Y,hospital & health care,linkedin.com/company/cshpsaskbranch,ottawa,cshp saskatchewan branch,ontario,1-10,
canada,2018,TBLJ6CNnAEKLaCU4vgFYuAmdLZf6,hospital & health care,linkedin.com/company/groupesanteipa,gatineau,groupe santé ipa,quebec,11-50,
canada,,Bex0dtyKQNncKc0eCvJh2gLB4ktH,hospital & health care,linkedin.com/company/cuisines-equinoxe-inc-les,laval,"cuisines equinoxe inc., les",quebec,1-10,
canada,,dCijqBiv3BQYDrmJ7mscewxHsTk1,hospital & health care,linkedin.com/company/nurse-on-call---noc,montréal,nurse on call - noc,quebec,1-10,getnurseoncall.com
canada,,1fEgB5IuR3sVJj1VI50XZgljIbHP,hospital & health care,linkedin.com/company/clinidata,,clinidata,,11-50,
canada,2017,rxCDYiICDDKwQihGD7RUVgsTMsce,hospital & health care,linkedin.com/company/medconnectapp,vancouver,medconnect,british columbia,1-10,medconnectapp.ca
canada,2018,IYIGKTzgfXfILYzh98OOtwebrPQq,hospital & health care,linkedin.com/company/annie-parker-foundation,brampton,annie parker foundation,ontario,11-50,annieparkerfoundation.com
canada,2019,7r9zNbM0oYF6CuUC3PqQygadiDSQ,hospital & health care,linkedin.com/company/abilities-occupational-therapy-inc,edmonton,abilities occupational therapy inc.,alberta,1-10,myabilities.ca
canada,2022,MXmbaKvgOQCl2myRSeB4OgGOLupG,hospital & health care,linkedin.com/company/epochlifetime,toronto,epoch lifetime,ontario,1-10,epochlifetime.ca
canada,,Eh20YEQz3WeWadfLfO3jlQhRSzur,hospital & health care,linkedin.com/company/core-neighborhood-youth-co-op,saskatoon,core neighborhood youth co-op,saskatchewan,1-10,cnyc.ca
canada,2002,5w8yKOhADit1H7xc8AtC7w1WhncK,hospital & health care,linkedin.com/company/bluewater-health-foundation,sarnia,bluewater health foundation,ontario,1-10,bluewaterhealthfoundation.ca
canada,2020,TI5h14a8Yfi6ZnCK3OuAOwGKm0xZ,hospital & health care,linkedin.com/company/firstlineuv,winnipeg,firstline uv,manitoba,1-10,
canada,2018,ySb6RzHAC0uBXQrdC8NsYQlzJYnG,hospital & health care,linkedin.com/company/remediummed,calgary,remedium health innovation consulting,alberta,1-10,remediummed.com
canada,2010,8RxQozVDu9IGMcP8GdxTXg3CQH91,hospital & health care,linkedin.com/company/doctors-plus-ltd,calgary,doctors plus ltd,alberta,11-50,doctorsplus.ca
canada,,3dLvVnA2PWkevoU4wiBCpw7kYmE5,hospital & health care,linkedin.com/company/department-of-internal-medicine,halifax,department of internal medicine,nova scotia,11-50,
canada,,PUp0B4Ihy7N4yzszpJ9NPgkHBqzO,hospital & health care,linkedin.com/company/british-columbia-society-of-anesthesia-assistants,,british columbia society of anesthesia assistants,british columbia,1-10,bcsaa.org
canada,2005,pH0zStLX4iKmAtMqmzoXTwL2QVdO,hospital & health care,linkedin.com/company/physiotherapy-at-don-mills,don mills,physiomobility health group,ontario,11-50,physiomobility.com
canada,,Hrg9goS6Hui5LcvKpPFpRAh6cG5W,hospital & health care,linkedin.com/company/boardwalkgroup,toronto,boardwalk group,ontario,1-10,boardwalk-group.com
canada,,Gyx6LWJCCr11YuIf4SZIbwGdVX0l,hospital & health care,linkedin.com/company/turner-drug-store-ltd,london,turner drug store ltd,ontario,11-50,turnerdrugstore.com
canada,1974,sWq8yT53fFJnh5vCIf0rUAJjLMOA,hospital & health care,linkedin.com/company/geneva-centre-for-autism,toronto,geneva centre for autism,ontario,51-200,autism.net
canada,,PXvd9aQztnuKqpaS58dkmw0zFrqK,hospital & health care,linkedin.com/company/health-design-studio-at-ocadu,toronto,health design studio at ocadu,ontario,1-10,healthdesignstudio.ca
canada,2004,GlzSFpv59mWytULiWzEJvgBzg0LY,hospital & health care,linkedin.com/company/patient-prompt,toronto,patientprompt,ontario,51-200,patientprompt.com
canada,,dql0Q1YhPc3xCNcJgdW3KgJkV0oY,hospital & health care,linkedin.com/company/right-at-home-canada-fraser-valley,abbotsford,right at home canada  (fraser valley),british columbia,11-50,
canada,,anQ9NcSDhaaFpeosAwnlMwqyi9Ga,hospital & health care,linkedin.com/company/maiib-edcare-india-private-limited,,maiib edcare india private limited,alberta,1-10,
canada,2009,yrRfa5mWnApaCwScfo31JAFRFput,hospital & health care,linkedin.com/company/elementssupportservices,hamilton,elements support services,ontario,11-50,elementssupportservices.com
canada,2021,XeFfz6OomK8VZeB0MtTBVQeVO1if,hospital & health care,linkedin.com/company/partners-community-health,mississauga,partners community health,ontario,201-500,partnerscommunityhealth.ca
canada,,devcNihHlWg7D2vpti2yBwPuIzSi,hospital & health care,linkedin.com/company/innovation-4-health,calgary,innovation 4 health,alberta,11-50,innovation4health.com
canada,,kAq5OzMtN4mxcssaP0IGpQgoM39t,hospital & health care,linkedin.com/company/medicine-creek-solutions,,medicine creek solutions,,1-10,medicinecreek.ca
canada,2023,Jc7FiFuqFzsu1wJYEGXhhw6YT1Xu,hospital & health care,linkedin.com/company/remarkablephysiotherapy,markham,remarkable physiotherapy,ontario,1-10,remarkablephysio.com
canada,,CJiYG9dCm4ZBYXct7sYb9ASbNVac,hospital & health care,linkedin.com/company/résidence-bois-de-rose,nicolet,résidence bois de rose,quebec,1-10,residenceboisderose.com
canada,1974,VO0ViyxvPUJOw0JVMPzMMgIqLFMP,hospital & health care,linkedin.com/company/professional-optical-ltd-,lethbridge,professional optical,alberta,1-10,professionaloptical.ca
canada,1974,Vdgo3gxUx2drp4igXEoFNQNX0Asz,hospital & health care,linkedin.com/company/saskatchewan-union-of-nurses,regina,saskatchewan union of nurses,saskatchewan,11-50,sun-nurses.sk.ca
canada,2021,CBxC60KL2gyIrDdSDHoDGwjxcxyA,hospital & health care,linkedin.com/company/celestra-health,ottawa,celestra health systems,ontario,1-10,celestrahealth.com
canada,,3XsIlp0NwXs9rO1neSDGEAHb0IIF,hospital & health care,linkedin.com/company/star-drug-testing-services,winnipeg,star drug testing services,manitoba,1-10,stardrugtesting.ca
canada,,OPohsiuahL7LoIm7WMwSLglTyNPJ,hospital & health care,linkedin.com/company/islington-optical,north york,islington optical,ontario,1-10,islingtonoptical.com
canada,,WIm8IqgV4dw1rW4CcWOw5wiYiAve,hospital & health care,linkedin.com/company/int-gration-services-sant-inc.,,intégration services santé inc.,,51-200,servicessante.ca
canada,,z1GB25IogCM9p0SUMcWoZw7eJM3E,hospital & health care,linkedin.com/company/village-on-the-thames,chatham,village on the thames,ontario,1-10,srseniorsliving.ca
canada,2012,gJdFMCpivmOfW3FRHWjAUw8rC3yu,hospital & health care,linkedin.com/company/northernstar-mothers-milk-bank,calgary,northernstar mothers milk bank,alberta,11-50,northernstarmilkbank.ca
canada,,p175QSeiCoV1zNH5FN9FPwTGMIxX,hospital & health care,linkedin.com/company/living-well-integrative-health-center,halifax,living well integrative health center,nova scotia,1-10,livingwellihc.ca
canada,2014,wvWJcgJNnYAB7RdHnHdjxgwBZ3A0,hospital & health care,linkedin.com/company/visualis-medical,montréal,visualis technology,quebec,1-10,visualis.ca
canada,2000,4KfOoh83AIVCu3o8n6T7sAof7cJW,hospital & health care,linkedin.com/company/ais-inc-,winnipeg,"assessment & intelligence systems, inc.",manitoba,11-50,aissystems.com
canada,,KQx6a8ifb7Keu13FwArMqAsgsTIp,hospital & health care,linkedin.com/company/npapn-conference,halifax,icn np/apn network conference,nova scotia,1001-5000,npapn2021.com
canada,2005,ZX2COoM0L134PhoWwCURpAj4rjZc,hospital & health care,linkedin.com/company/family-focused-rehabilitation,oakville,family focused rehabilitation & wellness,ontario,1-10,familyfocused.ca
canada,,ti79OGjoPYz0kuNXI1qcpwmqrWve,hospital & health care,linkedin.com/company/lgcfht,brockville,leeds & grenville community family health team,ontario,11-50,lgcfht.ca
canada,,ap1v08q4w3MDDCaFEt9TrghpeOeC,hospital & health care,linkedin.com/company/association-de-santé,quebec city,association de santé,quebec,1-10,
canada,2017,KDVvxDm9o7jVdYRWvLIx1AwhuBss,hospital & health care,linkedin.com/company/fundsfarm,toronto,fundsfarm,ontario,1-10,fundsfarm.biz
canada,2020,MtC6Hl5Y4hj7EBipc1OMrgzd7eFm,hospital & health care,linkedin.com/company/semperconnect,toronto,semperconnect,ontario,1-10,semperconnect.ca
canada,,jah3NWqvkYs4v4nFG03NCwQ3MJT4,hospital & health care,linkedin.com/company/adaptacare-personal-care-homes,lethbridge,adaptacare personal care homes,alberta,11-50,adaptacare.org
canada,2020,CjCrDYZvPnw8hh1uLaBEBwEts6hW,hospital & health care,linkedin.com/company/minapassion,toronto,krm group,ontario,1-10,
canada,2023,TwT7ZvEa6yX6BumWmfpX2wDj4KD2,hospital & health care,linkedin.com/company/harmonease-innovations,hamilton,harmonease innovations inc.,ontario,1-10,
canada,,SBpbkdFvfJAqZYmqiaOyBQeHIhos,hospital & health care,linkedin.com/company/myokinesis-therapies,ajax,myokinesis therapies,ontario,1-10,myokinesistherapies.ca
canada,,5npixrZoC2ZlH9fQCk6HngsTJKMJ,hospital & health care,linkedin.com/company/mesh-for-men,ottawa,mesh for men,ontario,1-10,meshformen.ca
canada,,4YAY7ZxpI2T1CtGC71UsvwVFaPF1,hospital & health care,linkedin.com/company/just-like-family-london-chatham-kent-windsor-sarnia-lambton,london,just like family london / chatham-kent / windsor / sarnia-lambton,ontario,1-10,
canada,,uZYlmCnbEUaIucrIeuVvvQsSpH0O,hospital & health care,linkedin.com/company/dr-matin-javadi-dentistry-professional-corporation,bradford,dr. matin javadi dentistry professional corporation,ontario,1-10,
canada,,HE4T6wi4wkqM2yLhyMu6dQGSTPch,hospital & health care,linkedin.com/company/south-west-united-sports-club,edmonton,south west united sports club,alberta,1-10,
canada,2008,93JUHmJQIUnDnwzWTliAvAXZNs5i,hospital & health care,linkedin.com/company/gentle-touch-dental-hygiene-services,,gentle touch dental hygiene services,,1-10,gentletouchdentalhygiene.com
canada,,vdmDg0AMI5AbRCh2cmqKBgB0Elh0,hospital & health care,linkedin.com/company/bargain-hunter-magazine-inc,sudbury,bargain hunter magazine inc,ontario,1-10,bargainhuntermagazine.ca
canada,2020,dwTgumWPmOQm1G1VJhLzawyP8MeO,hospital & health care,linkedin.com/company/a-to-z-therapy-clinic,laval,a to z therapy clinic - clinique de thérapie a à z inc.,quebec,1-10,a2ztherapyclinic.ca
canada,,XYOwIUBTkYx4uM5DHVQYLgLpoJio,hospital & health care,linkedin.com/company/jankruti-shah,oshawa,jankruti shah,ontario,1-10,linkedin.com/in/jankruti-shah
canada,,YjvLkDCACjVn9MrBZRXaMAuNHINR,hospital & health care,linkedin.com/company/dr.-hogg's-oral-and-maxillofacial-surgery-office,,dr. hogg's oral and maxillofacial surgery office,,1-10,drnicholashogg.com
canada,,5WvQKCOV3wIcB4zFqQSFJAl5P3gp,hospital & health care,linkedin.com/company/chartwell-carrington-house-retirement-residence,mission,chartwell carrington house retirement residence,british columbia,1-10,chartwellcarringtonhouse.ca
canada,,PqTBQmCcBE2aGq6z6tJXnQe5vhxi,hospital & health care,linkedin.com/company/islamic-eldercare,montréal,islamic eldercare,quebec,1-10,islamiceldercare.com
canada,,Bj53tkpSXnvcQ2APQwnceQ99MhBK,hospital & health care,linkedin.com/company/pharamount-health-&-wellness-centre,mississauga,pharamount health & wellness centre,ontario,1-10,pharamount-health-wellness-centre.business.site
canada,1979,PPbq4XCJ5pWJ308lu88UxgLQNZSP,hospital & health care,linkedin.com/company/shalom-manor,grimsby,shalom manor,ontario,201-500,shalommanor.ca
canada,2010,c8GxKrsHHdCptPmCSBCCWA9cXiCh,hospital & health care,linkedin.com/company/data-&-technology-solutions,mitchell/ontario,data & technology solutions,ontario,1-10,ohrs.ca
canada,,74CnSkClYfUFENIDd6dYCwodDduR,hospital & health care,linkedin.com/company/distress-centre-durham,whitby,distress centre durham,ontario,1-10,distresscentredurham.com
canada,,Zalzt3OBIbksCksI4T9sUwO152EY,hospital & health care,linkedin.com/company/chakra-health-center,vancouver,chakra health center,british columbia,1-10,chakrahealth.center
canada,,1XW09Gk4g0BA4tE1rCScagTtKG5j,hospital & health care,linkedin.com/company/centre-de-réadaptation-estrie-inc,sherbrooke,centre de réadaptation estrie inc,quebec,51-200,
canada,,MkxMQV15ivxjRqCiMq9SWAysNzdm,hospital & health care,linkedin.com/company/scarborough-dental-group,scarborough,scarborough dental group,ontario,1-10,scarboroughdentalgroup.com
canada,2021,XUwM9gzX6zxYffPb3Clgag7TYFaf,hospital & health care,linkedin.com/company/universal-heart-centre,richmond hill,universal heart centre,ontario,1-10,universalheartcentre.ca
canada,2007,h4eFl2h8SOQS3AULaa5gvQRm72Ko,hospital & health care,linkedin.com/company/szg-voice-and-consulting,toronto,szg voice and consulting,ontario,1-10,szgvoice.com
canada,2014,c5g9xyeSCz7vmdov7PmzVwfeWHQe,hospital & health care,linkedin.com/company/ezreferral-inc,edmonton,ezreferral.org,alberta,11-50,ezreferral.org
canada,2010,QpeAJ7UbDXBM9A2rzMa9fw4CDA5T,hospital & health care,linkedin.com/company/neworld-detox-centre,limehouse,neworld detox medical centre,ontario,1-10,neworlddetox.com
canada,2003,qvvqgLT1ZBeCQQiiwnyAWgvxqINq,hospital & health care,linkedin.com/company/fit-to-function-kinesiology,barrie,fit to function kinesiology,ontario,1-10,fittofunction.ca
canada,1990,Ui7olChiEVrDmpEGCWUDZwQcTbia,hospital & health care,linkedin.com/company/rosedale-medical-imaging,toronto,rosedale medical imaging,ontario,11-50,rosedaleimaging.ca
canada,,VoC4I3SL1X4l2jmXB34YbwWUmQH1,hospital & health care,linkedin.com/company/hypnosis-for-balance,agassiz,hypnosis for balance,british columbia,1-10,hypnosisforbalance.net
canada,2020,A9EPktACfQeEr7LCVOLz2AregwCd,hospital & health care,linkedin.com/company/nura-medical,montréal,nura medical,quebec,1-10,nuramedical.com
canada,2018,r5Rwm6ZnKUfO0KFBpSdNkgVAvm2C,hospital & health care,linkedin.com/company/1med-health-solutions,london,1med health solutions,ontario,1-10,
canada,,EoyNNgr5kLbyhBFeDJaCZwYtfECl,hospital & health care,linkedin.com/company/sands-canada-inc.,brockville,sands canada inc.,ontario,11-50,
canada,,3jR8KLDcayUEDtyBojBl0wOT6mGc,hospital & health care,linkedin.com/company/gaudi-orthodontics,calgary,gaudi orthodontics,alberta,1-10,labgaudi.com
canada,,3TUvYHM5Kkby5BosQMm1vQ5fdE6C,hospital & health care,linkedin.com/company/moss-dental-studio,vancouver,moss dental studio,british columbia,1-10,mossdentalstudio.com
canada,,XXH1HFYqGpFL37J5ms6lhgYoRVYE,hospital & health care,linkedin.com/company/cancer-kids-first-hamilton,hamilton,cancer kids first hamilton,ontario,1-10,
canada,1995,8oDaDI1orN0ZngSBGLhwCwSDGHD5,hospital & health care,linkedin.com/company/hospice-vaughan,vaughan,hospice vaughan,ontario,1-10,hospicevaughan.com
canada,2010,TfJBvTqW0REnE2GnxiH4kgQ3xyvL,hospital & health care,linkedin.com/company/viewsiq,vancouver,viewsiq,british columbia,1-10,viewsiq.com
canada,2014,gVZKr8URlVNZwqvD03mZLwcPnS1j,hospital & health care,linkedin.com/company/satisfaihealth,vancouver,satisfai health,british columbia,11-50,satisfai.health
canada,,IBHoi8VknZqmaBooftVUxALXHVVZ,hospital & health care,linkedin.com/company/coastal-sleep-homecare-services-inc,vancouver,coastal sleep homecare services inc.,british columbia,51-200,coastalsleep.ca
canada,2001,CHQSLrFZ2GGpWdBygBiOIAWrLH4N,hospital & health care,linkedin.com/company/right-at-home-calgary,calgary,right at home alberta,alberta,11-50,
canada,2020,5tdaASUKw7be4H6nvU54QAmzp6Zb,hospital & health care,linkedin.com/company/business-healthcare-society,ottawa,business healthcare society,ontario,1-10,linktr.ee/bhs.uottawa
canada,,QBuKrYo55p6cFX0XOzVISAzDdKyx,hospital & health care,linkedin.com/company/speak-freely-therapy-services,,speak freely therapy services,,1-10,speakfreelytherapy.ca
canada,,r0HGzHX7yODHalGauByEdwVgUABH,hospital & health care,linkedin.com/company/in-motion-health-center-inc,st. john's,in motion health center inc,newfoundland and labrador,1-10,
canada,,MXJ9EzDi5653YdNWPWAQZQxwr5Rk,hospital & health care,linkedin.com/company/belvedere-seniors-living,coquitlam,belvedere seniors living,british columbia,201-500,belvederebc.com
canada,,CgCrPdVK9yMeYBeZIkTI0Ac9HcPa,hospital & health care,linkedin.com/company/town-of-milestone,milestone,town of milestone,saskatchewan,1-10,milestonesk.ca
canada,2022,Wlnxg22v0qDq2WB7xAqBvgPwDddJ,hospital & health care,linkedin.com/company/gravitii-technologies-inc,kelowna,gravitii.care,british columbia,1-10,gravitii.care
canada,1986,vusuDEbNBCyjkvvkaYSPngL2oy0J,hospital & health care,linkedin.com/company/hollowayhouse,stirling,holloway house,ontario,11-50,oarty.net
canada,,L1A2ZgKduCRD0IIeL2uTPwD7hgKj,hospital & health care,linkedin.com/company/lively-pharmacy,sudbury,lively pharmacy,ontario,1-10,
canada,2008,Z3SKMjn1jKtIZlRpkJvlNQnJpruO,hospital & health care,linkedin.com/company/helping-families-handle-cancer,calgary,helping families handle cancer,alberta,1-10,helpingfamilieshandlecancer.com
canada,2007,mscojqUOVvYOce6rP2ZjrAkJhjCR,hospital & health care,linkedin.com/company/sunnybrook-medical-services-alternative-funding-plan-association,toronto,sunnybrook medical services alternative funding plan association,ontario,1-10,ifpoc.org
canada,,pBmlB7aPC2mkTF6SFNZ1UwSl2drk,hospital & health care,linkedin.com/company/ergo-human-consulting,london,ergo human consulting,ontario,1-10,ergohuman.ca
canada,2015,cYDh3Wh1uWvCCK2ZVCBoPgcMReYW,hospital & health care,linkedin.com/company/brightguide,kitchener,brightguide inc.,ontario,1-10,brightguide.ca
canada,,ASpV4BWeJCSQKNZBLQ0noAnOBPRM,hospital & health care,linkedin.com/company/andrew-beckwith-independent-limited,lansdowne house,andrew beckwith independent limited,ontario,1-10,
canada,,Uitv0j2EIOPYqWXE5Mjmawe9a5mJ,hospital & health care,linkedin.com/company/lady-dunn-health-centre,wawa,lady dunn health centre,ontario,51-200,ldhc.com
canada,,kWYNZtCg5COxX0GCNtINCgSaRSMX,hospital & health care,linkedin.com/company/ottawa-west-professional-services,nepean,ottawa west professional services,ontario,1-10,ottawawestpros.com
canada,1988,T7HfGDe4y43MmhBy715iGwwZc4Pt,hospital & health care,linkedin.com/company/family-dental-st-albert,st albert,family-dental,ontario,11-50,family-dental.ca
canada,1981,dNQQiUKA7BFpA1IqvveVwwk6FcIU,hospital & health care,linkedin.com/company/helen-ziegler-and-associates,toronto,helen ziegler and associates,ontario,1-10,hziegler.com
canada,,fwSqjKrPIgAwJOljCXfVBwAQDcrW,hospital & health care,linkedin.com/company/focus-physiotherapy-yeg,edmonton,focus physiotherapy,alberta,1-10,focusphysioyeg.ca
canada,2021,ChBcpkmHjRDdBiKyD5BGUgMnM8gM,hospital & health care,linkedin.com/company/farr-mobility,london,farr mobility,ontario,11-50,farrmobility.ca
canada,,Wxb2LrllzPf4zAjux2M1BwfpnbH8,hospital & health care,linkedin.com/company/cornwall-hospital-community-addiction-and-mental-health-centre,cornwall,cornwall hospital community addiction and mental health centre,ontario,1-10,
canada,,uMKO9d3PsLqEfhrUyY7BZwFn1viS,hospital & health care,linkedin.com/company/trillium-at-acacia-ty-mawr,,trillium at acacia ty mawr,,1-10,acaciatymawr.ca
canada,2015,CYwopS75N0vaGwfnSjYLCw2mROgp,hospital & health care,linkedin.com/company/origin-at-spring-creek,canmore,origin at spring creek,alberta,51-200,originspringcreek.com
canada,2010,o16LlVXfu5HKr3AaRKaWLAlpTIQO,hospital & health care,linkedin.com/company/carefect-homecare-services,toronto,carefect home care services,ontario,11-50,carefecthomecareservices.com
canada,1998,TvCwBaeJc398LYp3dOBCSgNzJpm3,hospital & health care,linkedin.com/company/de-dwa-da-dehs-nye-s-aboriginal-health-centre,hamilton,de dwa da dehs nye>s aboriginal health centre,ontario,51-200,aboriginalhealthcentre.com
canada,,Zoy39coAaGHwRfV7JzqOwQ8JbWoD,hospital & health care,linkedin.com/company/angela-cabral-msw,montréal,"angela cabral, msw",quebec,1-10,montreal-therapy.com
canada,2007,3PCGUhcWw2musjoEzKSOmgaQHrZc,hospital & health care,linkedin.com/company/cando-support-services,oshawa,cando support services inc.,ontario,11-50,candosupport.ca
canada,2014,yiaqON8Xff8ZvkUGbnwHsQEuNG9U,hospital & health care,linkedin.com/company/cadencia-marketing,montréal,cadencia - life sciences growth expert,quebec,1-10,cadenciasolutions.com
canada,,NMXea8ntuvZLpGiGJKMcvQxlXgWg,hospital & health care,linkedin.com/company/care-on-call-home-care,hamilton,care on call home care,ontario,11-50,
canada,,ioF2B8F5nnL1h57yhQhObQDZI6ZO,hospital & health care,linkedin.com/company/first-steps-wellness-centre,regina,first steps wellness centre,saskatchewan,1-10,fswcregina.ca
canada,2020,Doyc9Eg9hmy5nGhsE1dgkQJhkpTw,hospital & health care,linkedin.com/company/ontariomedicalnetwork,thornhill,ontario medical network,ontario,11-50,onmd.ca
canada,2016,LPC5SiQdM3OlBCd0BwT6QAJGUwZN,hospital & health care,linkedin.com/company/chsld-providence–saint-joseph-montreal,montréal,chsld providence–saint-joseph,quebec,201-500,ch-maison-saint-joseph.com
canada,2018,mSe35AYrGxLaIhelsdoQ1gTferfY,hospital & health care,linkedin.com/company/stacey-baboulas-associates,stouffville,stacey baboulas & associates,ontario,1-10,
canada,,CodSA8FjY0ZjXaTetbBvRgRKeoq7,hospital & health care,linkedin.com/company/aspiredental,winnipeg,aspire dental centre,manitoba,51-200,aspiredentalcentre.ca
canada,,kNICnZU36y4zlFfkuUehUA4GexVu,hospital & health care,linkedin.com/company/black-rabbit-social-club,hamilton,black rabbit social club,ontario,1-10,blackrabbitsocial.com
canada,1990,fPKZdmCgjgpDVisJ6lmCpA0JtrAv,hospital & health care,linkedin.com/company/access-community-therapists-ltd.,vancouver,access community therapists ltd.,british columbia,11-50,accesstherapists.com
canada,,Wt86QkZUeUnd5lvjAOCofgVOryn4,hospital & health care,linkedin.com/company/classic-physio,campbellton,classic physio,new brunswick,1-10,
canada,1964,RG3oWYiFNk5xe2GADgpixQyxkg32,hospital & health care,linkedin.com/company/csrt,ottawa,csrt - canadian society of respiratory therapists,ontario,1-10,csrt.com
canada,,3FztMn1fhTGCwfkrCKQPYwLLrTFS,hospital & health care,linkedin.com/company/nline-recruitment-inc,toronto,nline recruitment inc.,ontario,11-50,n-line.ca
canada,2018,EQBkUgdPDWI0cA59JlEvhw3ifDdw,hospital & health care,linkedin.com/company/pro-choice-medical-ltd,mississauga,pro choice home health care,ontario,11-50,prochoicemedical.com
canada,1979,FZC3g9LB8GLmAgJvxVfuKQMHWuYA,hospital & health care,linkedin.com/company/cheshire-london,london,cheshire london,ontario,51-200,cheshirelondon.ca
canada,2016,o9eMzxOBfB26BRYQDRSFLQrMBGM6,hospital & health care,linkedin.com/company/enhanced-care-medical-services,thornhill,enhanced care medical services (ecms),ontario,51-200,
canada,,uZgOM6wCQIw0wBcc7NuQNgv9yXi7,hospital & health care,linkedin.com/company/sunridge-dental-clinic-ca,calgary,sunridge dental clinic,alberta,11-50,sunridgedental.ca
canada,2019,n7HoOh2tSBiSmCLogK3zfgC3MeFi,hospital & health care,linkedin.com/company/generationscalgary,calgary,generations calgary,alberta,201-500,generationscalgary.com
canada,2016,jrHmKkYQjBL33HtWskFOnAI09iqG,hospital & health care,linkedin.com/company/canadian-dental-services-corporation,toronto,canadian dental services corporation,ontario,201-500,canadiandentalservices.ca
canada,1960,WxjO7QhLvLQLQgfCBCBsJAsVyCVb,hospital & health care,linkedin.com/company/kemptville-district-hospital,kemptville,kemptville district hospital,ontario,201-500,kdh.on.ca
canada,2012,HCHGxaGC2D4E7zC8B79cIQHkAOye,hospital & health care,linkedin.com/company/comforcare-home-care-halton,milton,comforcare home care halton,ontario,11-50,
canada,,52M17iLx2AEP7alUvYBSgQOdgDMa,hospital & health care,linkedin.com/company/laboratoire-ortholab,saint-jean-sur-richelieu,laboratoire ortholab,quebec,1-10,orthesementvotre.com
canada,2015,sP0IMfQrAB2koAHRRFmqXwjPyL67,hospital & health care,linkedin.com/company/les-résidences-jodin-inc,edmundston,les résidences jodin inc.,new brunswick,201-500,jodin.ca
canada,,qpcGa5bkMKNaSldeFuOhfABzHjC3,hospital & health care,linkedin.com/company/silver-services-home-care,mississauga,silver services,ontario,11-50,silverservices.ca
canada,1990,2EiwB7oZ006YCcZHL6sp3gmc6occ,hospital & health care,linkedin.com/company/oakvalleyhealth,markham,oak valley health,ontario,1001-5000,oakvalleyhealth.ca
canada,,xxG3tZwZVLrytBuP6PVvCQEZDPMs,hospital & health care,linkedin.com/company/accqcorp-inc,waterloo,accqcorp inc.,ontario,51-200,accqcorp.com
canada,2022,zla7K6iTwwzPHmNEbg1WkwH6zgqJ,hospital & health care,linkedin.com/company/sideffekt,ottawa,loon lifetech,ontario,11-50,sideffekt.com
canada,,aSA4OvBtuJ8pv6RdD4a6NgLNLoer,hospital & health care,linkedin.com/company/arc-anxiety-relief-centre,vancouver,arc: anxiety relief centre,british columbia,11-50,arccounselling.ca
canada,,oGPaDFvRHM30m2eLhsBIpw48wIJI,hospital & health care,linkedin.com/company/barber-prosthetics-clinic,vancouver,barber prosthetics clinic,british columbia,11-50,barberprosthetics.com
canada,2019,Dt9snEmXACHgk2T2ePRBKgsudSDG,hospital & health care,linkedin.com/company/reeveel-analytics-inc,toronto,reeveel analytics inc.,ontario,1-10,reeveel.ir
canada,2019,Qu1FBX11x0Cd6FT6pAP1Vw6ZjxfB,hospital & health care,linkedin.com/company/myjourney-health,north york,myjourney™ health,ontario,11-50,myjourney.health
canada,,OCUCnpm9YChUmRG2lmlC6wnFfndS,hospital & health care,linkedin.com/company/four-truth-wellness,kitchener,four truth wellness,ontario,1-10,fourtruthhypnosis.com
canada,,IkC9iyJnA3mB10hMlqAglA8vTXVc,hospital & health care,linkedin.com/company/towards-recovery-john-st-clinic,hamilton,towards recovery john st clinic,ontario,1-10,towardsrecovery.com
canada,2017,BHteUmsomClCavCTU4jhxwITPGAG,hospital & health care,linkedin.com/company/tlc-muskoka,bracebridge,tlc muskoka home health care & nursing shift relief agency,ontario,51-200,tlcmuskoka.ca
canada,,S6SFDvSxR4FfBXlUawK0ugJso2SO,hospital & health care,linkedin.com/company/living-assistance-services-burloak-region,burlington,living assistance services - burloak region,ontario,11-50,laservicesburloak.ca
canada,2002,Rs9iUioVs7pKXCaXBDy1PgMN57OT,hospital & health care,linkedin.com/company/saskatchewan-health-quality-council,saskatoon,saskatchewan health quality council,saskatchewan,11-50,saskhealthquality.ca
canada,,unBx2DsqAFkgR1ZF0U7CrQzjOWXK,hospital & health care,linkedin.com/company/limestone-city-books,tamworth,limestone city books,ontario,1-10,
canada,2008,mJbowtbX4dzCyEElREHMtgZX9Mj6,hospital & health care,linkedin.com/company/cas-medic,laval,casmedic,quebec,1-10,casmedic.com
canada,,9iQm5qFZwIhMIRSa2duCPA9LzhFc,hospital & health care,linkedin.com/company/royal-treat,ottawa,royal treat,ontario,1-10,
canada,,5GyHWPKLOI54xy9aezes6g2vVvf8,hospital & health care,linkedin.com/company/enlightened-healthcare-network,hamilton,enlightened healthcare network,ontario,1-10,ehcncanada.com
canada,2005,qW9lFN1YUPx8A8BBsOTukAWqVvQf,hospital & health care,linkedin.com/company/scarborough-rehabilitation-clinic,toronto,scarborough rehabilitation clinic,ontario,1-10,scarboroughrehabilitationclinic.com
canada,2014,kRSIHEJHpKy9YjGUH2egAQRrQkw4,hospital & health care,linkedin.com/company/self-care-catalysts-inc-,toronto,self care catalysts inc,ontario,11-50,selfcarecatalysts.com
canada,1986,5h85wRueWGbeQrAxlF7XMgDAUum7,hospital & health care,linkedin.com/company/bfchirotoronto,toronto,bayview finch chiropractic clinic,ontario,1-10,bfchiropractictoronto.com
canada,2020,w4OXzPTvEHFjBgNeRBfhRQcTLXDx,hospital & health care,linkedin.com/company/vibrant-eyes-optometry,toronto,vibrant eyes optometry,ontario,1-10,vibranteyes.ca
canada,1945,gymECvl5HnHhXLPRmBEkKwCi7Rdy,hospital & health care,linkedin.com/company/arnprior-regional-health,arnprior,arnprior regional health,ontario,201-500,arnpriorregionalhealth.ca
canada,,yyCmxS2y2CY8cRXLYqTq5AznqRhj,hospital & health care,linkedin.com/company/core-muscle-activation,north york,core muscle activation,ontario,1-10,coremuscleactivation.com
canada,2021,B15yxRGQ1QGrbNKf4ptHTAFnw987,hospital & health care,linkedin.com/company/lemonade-hearing,new hamburg,lemonade hearing,ontario,1-10,lemonadehearing.ca
canada,2019,9vt75S8szaom5tfVznSmygFZ1fwu,hospital & health care,linkedin.com/company/greystone-village-retirement,ottawa,greystone village retirement,ontario,51-200,greystoneretirementresidence.com
canada,,jysuClRBUvFhtnaRcFSX0AUtVINE,hospital & health care,linkedin.com/company/clinitox-inc,oakville,clinitox inc,ontario,1-10,
canada,,mAVaL58RPLc4xI3vukoBlQWz6FAL,hospital & health care,linkedin.com/company/jessy-parmar-counselling,chilliwack,jessy parmar counselling,british columbia,1-10,jessyparmarcounselling.ca
canada,2015,CwOiZB5Kb1VBRohjnvYD5gcP2oNN,hospital & health care,linkedin.com/company/steadiwear-inc-,toronto,steadiwear inc.,ontario,1-10,steadiwear.com
canada,2020,3hblzifdMXQobAziPyG7mQzBh9jP,hospital & health care,linkedin.com/company/georgiastraitwomensclinic,powell river,georgia strait women's clinic,british columbia,51-200,georgiastraitwomensclinic.ca
canada,,EUGLCl38Zny2MB4ZbWyN1A4zdYF9,hospital & health care,linkedin.com/company/co-care-health-group-inc,steinbach,co-care health group inc.,manitoba,51-200,cocarehg.ca
canada,1981,Lc6ZKU4BepCQavk0Mj2fagvVjVAu,hospital & health care,linkedin.com/company/hope-cope,montréal,hope & cope,quebec,11-50,hopeandcope.ca
canada,2022,FeKh7T53iVYv1DBg2yAnsAqXyMQg,hospital & health care,linkedin.com/company/trust-care-health-services,toronto,trust & care health services,ontario,11-50,trustcarehealthservices.com
canada,2005,UedfRgpIWUu3eTYLvFwzqwI8lGIz,hospital & health care,linkedin.com/company/national-collaborating-centre-for-infectious-diseases,winnipeg,national collaborating centre for infectious diseases (nccid),manitoba,1-10,centreinfection.ca
canada,1957,4pot5dNiDzX5JdBgVEoHGgPb098L,hospital & health care,linkedin.com/company/bellwoods-centres-for-community-living,toronto,bellwoods centres for community living,ontario,201-500,bellwoodscentres.org
canada,1966,EoeBxJBhskiXKg3edx7B4ASyUtiJ,hospital & health care,linkedin.com/company/windsor-elms-village,kentville,windsor elms village,nova scotia,201-500,
canada,,MVH8BtLY6Q7wW7vqetcC3Qihc87n,hospital & health care,linkedin.com/company/the-sport-medicine-clinic-ottawa-campus,ottawa,the sport medicine clinic ottawa campus,ontario,1-10,ottawasportmed.com
canada,2010,1klsJ5vcWFTowGuFWXBBbwQZUu3t,hospital & health care,linkedin.com/company/vitalhub-corp,toronto,vitalhub corp.,ontario,51-200,vitalhub.com
canada,2011,YaVqDUpB2KObvBW6psBhJQWXA0aY,hospital & health care,linkedin.com/company/java-music-club,toronto,java music club,ontario,1-10,javamusicclub.com
canada,,kh5PZzn8gtB1w5LqwYINrggMTwO8,hospital & health care,linkedin.com/company/capca-canadian-association-of-provincial-cancer-agencies,toronto,canadian association of provincial cancer agencies (capca),ontario,1-10,capca.ca
canada,1976,1CFegwJ86nXReDkdslH0zQQGcRTp,hospital & health care,linkedin.com/company/villa-colombo-homes-for-the-aged-inc,toronto,villa colombo homes for the aged inc,ontario,201-500,villacharities.com
canada,2024,En9VXnizxdAMgTuBOZHHNAxQI9hV,hospital & health care,linkedin.com/company/birdsong-audiology,huntsville,birdsong audiology,ontario,1-10,birdsongaudiology.ca
canada,2005,nDgOAcaja5fV2sSupnhp3wp9Ttct,hospital & health care,linkedin.com/company/ctnkids,richmond hill,children's treatment network (ctn),ontario,51-200,ctnsy.ca
canada,,XhNVuVAlekdvA3Ma4U1MCQKCyqrR,hospital & health care,linkedin.com/company/infuserx,toronto,infuserx,ontario,1-10,
canada,2022,mnygq4k3XDLJYHZPObUR5g7rNRuo,hospital & health care,linkedin.com/company/ontariovascular,toronto,north toronto surgical,ontario,11-50,northtorontosurgical.com
canada,2017,ZC5s6c3ghwS8fUnpU2Qmywoxlmld,hospital & health care,linkedin.com/company/grafton-healthcare-it-consulting,dorchester,grafton healthcare it consulting,ontario,1-10,graftonhealth.com
canada,,LAsxeCo5dvusMYkTya2iCA5prqUl,hospital & health care,linkedin.com/company/glen-derry-physiotherapy-and-wellness-clinic,mississauga,glen derry physiotherapy and wellness clinic,ontario,11-50,
canada,2019,lovwbwBdhwuaM2es8vYjnAJEAmmp,hospital & health care,linkedin.com/company/oprc,ottawa,ottawa physical rehab clinic,ontario,1-10,oprc.ca
canada,,rplU50uoC3eD6VeiwUNy2w2SdqDL,hospital & health care,linkedin.com/company/expocrete-concrete-products,calgary,expocrete concrete products,alberta,1-10,
canada,,REbBBHgBKc76aYDmDa3maASTH8Op,hospital & health care,linkedin.com/company/rupert-case-management,toronto,rupert case management inc.,ontario,11-50,rupertcasemanagement.com
canada,,PQgxEqjMJEBDiV1HoONzLwAe44ph,hospital & health care,linkedin.com/company/canadian-health-services-research-foundation,ottawa,canadian health services research foundation,ontario,11-50,chsrf.ca
canada,1978,R6RiXWbawNUhPl6LdowLGQ3wpslD,hospital & health care,linkedin.com/company/cree-board-of-health-and-social-services-of-james-bay,chisasibi,cree board of health and social services of james bay,quebec,1001-5000,creehealth.org
canada,,1NGTcZCqOtEVImrCf2KCZgeb7jBe,hospital & health care,linkedin.com/company/foresait-medical,kitchener,foresait medical inc.,ontario,1-10,
canada,2013,KInMR4nS5EiUqPt014qSyAIcJtZo,hospital & health care,linkedin.com/company/findlay-ventures-inc,laval,"findlay scientific, inc",quebec,1-10,findlayscientific.com
canada,,f6quNo88ytcBxpbXTs1CkQxuplTT,hospital & health care,linkedin.com/company/cassellholme,north bay,cassellholme,ontario,11-50,cassellholme.ca
canada,1981,CIOhb73CBH5HfqWtDqRvOQi8BgIy,hospital & health care,linkedin.com/company/hme-ltd,toronto,hme ltd.,ontario,51-200,
canada,,I41crsxEmZ6nMF4q6xC8og7P5P03,hospital & health care,linkedin.com/company/canada-welcomes-immigration,surrey,canada welcomes immigration,british columbia,1-10,getimmigration.ca
canada,2018,Ua8fKMrrg8P5EkYTO2QowQRzE7oj,hospital & health care,linkedin.com/company/wheatland-dental-saskatoon,saskatoon,wheatland dental saskatoon,saskatchewan,11-50,wheatlandsaskatoon.ca
canada,,mr4rHDL7GBDFPMeaXOBnCg5JHTmO,hospital & health care,linkedin.com/company/home-care-network-inc-,edmonton,home care network inc.,alberta,1-10,homecarenetworkinc.com
canada,,HSiUNceBOHm0ClDaEy403gAh5L3w,hospital & health care,linkedin.com/company/excel-health-calgary,calgary,excel health calgary,alberta,11-50,excelhealth.ca
canada,,8Hc21fJiUL5NGfBBHmLd6wTqxxVy,hospital & health care,linkedin.com/company/cook-st.-community-midwives,victoria,cook st. community midwives,british columbia,1-10,cookstmidwives.com
canada,,YXxT0Gcx4sBXqMpooH6yfg9rxbgp,hospital & health care,linkedin.com/company/remission-support,toronto,remission support,ontario,1-10,remissionsupport.com
canada,1996,T4CwlFgeK4xJZ3rzcw72XAQfVv8F,hospital & health care,linkedin.com/company/medical-imaging-consultants,edmonton,medical imaging consultants,alberta,201-500,mic.ca
canada,1984,xq470uazDB1nxw0CQ6f7CwiU1lK2,hospital & health care,linkedin.com/company/fondation-du-centre-hospitalier-de-granby,granby,fondation du centre hospitalier de granby,quebec,1-10,fondationchg.org
canada,2006,wS24SwqKrGiMsQvbxxLyQwLczM7x,hospital & health care,linkedin.com/company/salient-solutions-inc-,vancouver,salient solutions inc.,british columbia,1-10,
canada,,Zfg6kJrvrTsVwKG2kzIfiQFrw4eM,hospital & health care,linkedin.com/company/integritydental,lethbridge,integrity dental,alberta,11-50,integritydental.com
canada,2012,D7lDfxh01HZ2qGdTd4vn9ABI7TRs,hospital & health care,linkedin.com/company/mount-sinai-home-healthcare-services-inc,woodbridge,mount sinai home healthcare services inc,ontario,11-50,mountsinaihealthcare.com
canada,2015,o8iAt3gEyJhiaIFrQDT5lwdA72yB,hospital & health care,linkedin.com/company/colleaga-health,toronto,colleaga health solutions,ontario,11-50,colleaga.com
canada,2023,4Vmj6Yy4wSP3C1N3CoP57wMkxDez,hospital & health care,linkedin.com/company/satva-consulting,nanaimo,satva consulting,british columbia,1-10,
canada,2020,pb1ZP5TAFLdcyL3qKjr4MgPis9Nf,hospital & health care,linkedin.com/company/helico-secours-coopérative-de-solidarité,saint-hubert,helico secours cooperative of solidarity,quebec,51-200,helicosecours.ca
canada,2023,vCNZBLT8JH7uFoAPEUqw2Qc2h5GN,hospital & health care,linkedin.com/company/revive-healthcare-group,toronto,revive healthcare group,ontario,1-10,revivehealthgroup.com
canada,,xFbxW45jBlEYTCUQOD69owTqTHRI,hospital & health care,linkedin.com/company/cz-companion-care,oakville,cz companion care,ontario,1-10,
canada,2022,kGwpMfn3RWZIOTpfE05bSAvhYEsa,hospital & health care,linkedin.com/company/caregiving-angels,ottawa,caregiving angels,ontario,11-50,caregivingangels.ca
canada,,oEKMxIOUWAlZKpXxTpV0AgFPcmKe,hospital & health care,linkedin.com/company/havenwellnessclinic,toronto,haven wellness clinic,ontario,11-50,havenwellness.ca
canada,2011,FLttqOCXdVGQyWyL1gMrBAUgctke,hospital & health care,linkedin.com/company/lansdowne-pharmasave,edmonton,lansdowne pharmasave,alberta,1-10,lansdownepharmasave.com
canada,1950,w2hEOsby87XaR5nhjEJi0Q8Uufd3,hospital & health care,linkedin.com/company/ambulances-demers,beloeil,ambulances demers,quebec,201-500,
canada,1994,K4ZEBm1RjTW5EWi95joAnAThowNd,hospital & health care,linkedin.com/company/red-deer-regional-health-foundation,red deer,red deer regional health foundation,alberta,1-10,rdrhfoundation.com
canada,,aZZMnyCC9DLMLFY75zv82QnBolAN,hospital & health care,linkedin.com/company/bbbs-of-peel,brampton,bbbs of peel,ontario,1-10,
canada,2001,MbGtumkpAsKiGV5ChNJsEA8BtUCk,hospital & health care,linkedin.com/company/canadian-healthcare-agency,cambridge,canadian health care agency,ontario,201-500,canadianhealthcare-agency.com
canada,1998,tw3KCCGxf4VdObz2MFFzMAmgUAwz,hospital & health care,linkedin.com/company/carol-bierbrier-associates,richmond hill,carol bierbrier & associates,ontario,11-50,cbafuturecare.com
canada,,UhhpcsyaAGcmmc8EZAbrvwfmJe8e,hospital & health care,linkedin.com/company/verahomecare,london,vera home care,ontario,11-50,verahomecare.ca
canada,2017,cOtSCUimmrq2eEiCyoaiEwJ8QSrz,hospital & health care,linkedin.com/company/watson-favaro-cannabis-consultants-corporation,niagara falls,wfcc medical corp.,ontario,1-10,watsonfavarocannabisconsultant.ca
canada,1945,FfFQHP2GHSzfeRRXasmoRweD7Are,hospital & health care,linkedin.com/company/runnymedehc,toronto,runnymede healthcare centre,ontario,501-1000,runnymedehc.ca
canada,,9SXtkt3ka4B9qfzSsauLoAZ0mCqX,hospital & health care,linkedin.com/company/safe-roots-psychology,sherwood park,safe roots psychology,alberta,1-10,sherwoodparkpsychology.com
canada,,abwaKRSyBlhCjGgijp6zFAivsxlb,hospital & health care,linkedin.com/company/athletic-kneads,ottawa,athletic kneads,ontario,1-10,athletickneads.com
canada,2018,NLHwMgJX2biPPPCU9ubudA03tVwU,hospital & health care,linkedin.com/company/seekcare,toronto,seekcare,ontario,1-10,seekcare.ca
canada,2004,BuLQa6mk8MxACTkRI1xAYQ2fd4i7,hospital & health care,linkedin.com/company/alliance-du-personnel-professionnel-et-technique-de-la-santé-et-des-services-sociaux,longueuil,alliance du personnel professionnel et technique de la santé et des services sociaux (apts),quebec,201-500,aptsq.com
canada,,71TI2Klt8EkdqZgKHA0FWQUImKGm,hospital & health care,linkedin.com/company/dauphin-regional-health-centre,dauphin,dauphin regional health centre,manitoba,11-50,
canada,1989,NSUtjYXSt8X2dhY9qGiCNQii9LL4,hospital & health care,linkedin.com/company/mindworks-rehabilitation-support-services,peterborough,mindworks rehabilitation support services,ontario,11-50,
canada,,UugZLijbfwiY4AKoscyH0wRXeXr3,hospital & health care,linkedin.com/company/shelburne-long-term-care-and-retirement-community,shelburne,shelburne long term care and retirement community,ontario,1-10,shelburneltc.ca
canada,2021,7euqeEkOsTB11xFjOc4QtATvXRws,hospital & health care,linkedin.com/company/911-nurses-gta,orangeville,911 nurses gta,ontario,1-10,911nursesgta.com
canada,2023,Y3nx2hTAZTyw3CWAjR6YeAcUJxIa,hospital & health care,linkedin.com/company/cardioves,toronto,cardioves,ontario,1-10,cardioves.com
canada,,mXs3vISCSRCb3Z573fB2mwKqvBqQ,hospital & health care,linkedin.com/company/perkkcheck,toronto,perkk check,ontario,1-10,perkkcheck.ca
canada,,YCUBprJyP5Ntb1EIsm7qCgkWJJXM,hospital & health care,linkedin.com/company/picasso-dental-studios,richmond hill,picasso dental studios,ontario,11-50,picassodentalstudios.com
canada,2010,098X3rgB0ewgxNLh1245aQoODZku,hospital & health care,linkedin.com/company/medcore-services-inc,etobicoke,medcore services inc.,ontario,11-50,medcore.ca
canada,2019,I6u0LyMsiJaATCKAUZXlZQxaOQiZ,hospital & health care,linkedin.com/company/hc24inc,kitchener,hc24 inc,ontario,201-500,hc24.ca
canada,,BqKAyfDzLTobctGKWuBrmQJPq7Gw,hospital & health care,linkedin.com/company/york-foundation-inc.,,york foundation inc.,,1-10,yorkfoundation.com
canada,,6SN1s3gLCyv5TFgs903LlwqR4eXX,hospital & health care,linkedin.com/company/medwise-consulting-inc,vancouver,medwise consulting inc,british columbia,1-10,instagram.com/medwiseconsulting
canada,2009,4BWhvJ482jqL0wVxJk9gHQh8OwU0,hospital & health care,linkedin.com/company/i-n-a-food-service-inc.,toronto,grande cuisine systems inc.,ontario,1-10,grandecuisinesystems.com
canada,,GV0oJR2cCqkieyK4zCmKiQikInH3,hospital & health care,linkedin.com/company/master-staffing-inc-,toronto,"master staffing, inc.",ontario,11-50,withmsi.com
canada,1981,LHoPrBHkGvJ4yleDIQdtbA7vf6af,hospital & health care,linkedin.com/company/carey-&-associates,,carey & associates,,1-10,drbobcarey.com
canada,,Ui1TMVnpjBYW9CIBKIKPcwIGHYii,hospital & health care,linkedin.com/company/flint's-first-aid-fast-ltd.,richmond,flint's first aid fast ltd.,british columbia,1-10,flintsfirstaid.ca
canada,2000,7sS24zE3QhMepNkp7RFztQU9TtoD,hospital & health care,linkedin.com/company/independent-quality-home-care,vancouver,independent quality home care,british columbia,11-50,vancouverhomehealthcare.ca
canada,2005,4amLcfdZhy33xqQT2WTs1wk2cj4i,hospital & health care,linkedin.com/company/centralhealthnl,,central health nl,newfoundland and labrador,1001-5000,centralhealth.nl.ca
canada,2015,rCBCR4QZO1jfcX0K3xz4pQ0qPAio,hospital & health care,linkedin.com/company/podiart,montréal,podiart - podiatric medicine,quebec,11-50,podiart.ca
canada,2021,XhYVAImtY2msAiyqN7ERqgDZLw6L,hospital & health care,linkedin.com/company/vionahomecare,west vancouver,viona homecare services,british columbia,1-10,vionahomecare.org
canada,2002,ZlRRrp6B0pllL4rMiiC9RQRER8u4,hospital & health care,linkedin.com/company/montfort-renaissance,ottawa,montfort renaissance,ontario,51-200,montfortrenaissance.ca
canada,1990,VfZkHcGb6XX9aaTf5QZJTwgdDLaw,hospital & health care,linkedin.com/company/canadian-aids-treatment-information-exchange,toronto,catie,ontario,11-50,catie.ca
canada,2007,ZnYwveRgjSswnzkwexCBZAmtPAaB,hospital & health care,linkedin.com/company/cartagene,montréal,cartagene,quebec,11-50,cartagene.qc.ca
canada,2015,i7M9UgKdnTiBCfRWeaoURw3obeSB,hospital & health care,linkedin.com/company/prairierootsdentalstudio,saskatoon,prairie roots dental studio,saskatchewan,1-10,prairierootsdental.ca
canada,,DXgNrhijmMMQmwzUTCguYQZr9ORN,hospital & health care,linkedin.com/company/pneuma-wellness-clinic,mississauga,pneuma wellness clinic,ontario,1-10,pneumawellnessclinic.com
canada,1994,17jD4uI3OoFUyBrfphfGAQXeAuZw,hospital & health care,linkedin.com/company/uwams-supportive-living,calgary,uwams supportive living ltd.,alberta,1-10,uwams.ca
canada,2023,IQsFrYQa0hCkPNl6AHnGiwIIx3bc,hospital & health care,linkedin.com/company/physiowithamina,mississauga,physio with amina,ontario,1-10,physiowithamina.com
canada,2011,2JCECDfiYLQKCt2Kn5DzzQpASsh2,hospital & health care,linkedin.com/company/oakmed-family-health-team,oakville,oakmed family health team,ontario,11-50,oakmed.ca
canada,2022,FwSBINAgwadlBC7hcA7ZAwFrnC17,hospital & health care,linkedin.com/company/wellness-place-inc,newmarket,wellness place inc.,ontario,1-10,wellnessplace.ca
canada,2022,ykM0nkbX0YoQFB4hsnDMvgHrrbMf,hospital & health care,linkedin.com/company/benoe,mississauga,benoe eye & oculoplastic surgeons (beos),ontario,1-10,beos.ca
canada,2022,OKgcEAMzQaxOJsqAM2HGwQ0n2BIu,hospital & health care,linkedin.com/company/portable-mri-journal,kingston,portable mri journal,ontario,1-10,portablemrijournal.org
canada,,RrWq8EnBHfNhI15CNFznUQtFZrH3,hospital & health care,linkedin.com/company/strive-support-services,kelowna,strive support services,british columbia,1-10,strivesupports.com
canada,2007,v6Xu7CJQh6JlXaytdYfqhAk79N9k,hospital & health care,linkedin.com/company/transformation-orthodontics,langley,transformation orthodontics langley,british columbia,1-10,transformationorthodontics.com
canada,,aIkSpU6Dn5itQbFJZAsz1ww2F3Pu,hospital & health care,linkedin.com/company/howard-court-care-home-limited,brampton,howard court care home limited,ontario,11-50,carehome-cumbria.co.uk
canada,,HNjxrpMbPegpIILTEiwaCwf2ncq1,hospital & health care,linkedin.com/company/movement-facilitation-inc.,markham,movement facilitation inc.,ontario,1-10,movementfacilitation.com
canada,,9PGha2e2lofLctUBXXPkrADHaq4O,hospital & health care,linkedin.com/company/fredericton-food-bank,fredericton,fredericton food bank,new brunswick,1-10,
canada,2014,D3wbbCSQ06FdmlwBmFkRnQu66RsM,hospital & health care,linkedin.com/company/coclinique,joliette,coclinique,quebec,11-50,coclinique.com
canada,,jamcAEaBfcVwNONxkLFCSQLvemq3,hospital & health care,linkedin.com/company/harbour-view-haven,lunenburg,harbour view haven,nova scotia,1-10,hvh.ca
canada,2019,XRTVRXICB1GCDSPf3kgXmweYzJFJ,hospital & health care,linkedin.com/company/precision-health-centre,toronto,precision health centre,ontario,1-10,precisionhealthcentre.com
canada,2018,yb4xZX9PNwKwjzYahQHErg7NSEK6,hospital & health care,linkedin.com/company/zltechnovation,burlington,zl technovation,ontario,1-10,zltechnovation.com
canada,2022,Fy9iXpBEOsC5N4DYEEV5AwPYILAi,hospital & health care,linkedin.com/company/crowndirekt,toronto,crown direkt,ontario,1-10,crowndirekt.com
canada,,kE0RrYulb9IfIgQXN9FfPgc9JQVL,hospital & health care,linkedin.com/company/schecter-dental,toronto,schecter dental,ontario,11-50,rhdentalcentre.com
canada,,PWiRJPbohxjbKZiqXzaH7AR8Tmj3,hospital & health care,linkedin.com/company/medtec-marketing-limited,burnaby,medtec marketing limited,british columbia,11-50,medtec.ca
canada,,UnotAwCJpgw1ddJICCCwgQLu9Oc8,hospital & health care,linkedin.com/company/canadian-home-healthcare-inc,oakville,canadian home healthcare inc,ontario,11-50,canadianhomehealthcare.ca
canada,1975,9N3q9iyFIM8u4sEmi5ww5AmHwIwj,hospital & health care,linkedin.com/company/hope-place-centres,oakville,hope place centres,ontario,11-50,hopeplacecentres.org
canada,,8NHqvSMAt0YIkP1XHauiUQsPpkm1,hospital & health care,linkedin.com/company/leeds-pharmacy-brockville,brockville,leeds pharmacy-brockville,ontario,1-10,leedspharmacy.ca
canada,,NGBuGTjUwjOEgGnfnMKAsgPcdYOp,hospital & health care,linkedin.com/company/hccss-se,belleville,home and community care support services south east,ontario,201-500,southeastlhin.on.ca
canada,,8k1JT8Lfd4N6L4KGDsDc7Q8zkMh4,hospital & health care,linkedin.com/company/bonavista-physical-therapy,calgary,bonavista physical therapy,alberta,11-50,bonavistaphysio.ca
canada,2007,4zEgHPLd4p19phGjdJn4eA90BRwm,hospital & health care,linkedin.com/company/drfoot,toronto,dr.foot,ontario,51-200,drfoot.ca
canada,2009,Z9hPHPQT7NmocBkFeYNZjwKkfziY,hospital & health care,linkedin.com/company/optimal-physiotherapy-clinic,ottawa,optimal physiotherapy clinic,ontario,1-10,optimalphysiotherapy.com
canada,,XpoSooHMzhba6pFLG6jQAwX6A1W1,hospital & health care,linkedin.com/company/rankin-rehabilitation-services,toronto,rankin rehabilitation services,ontario,1-10,rankinrehab.com
canada,,zBgEuGIvrBSA0Ek9ZZgUQgrS7VbM,hospital & health care,linkedin.com/company/k.m.medical-&-trading-inc,north york,k.m.medical & trading inc,ontario,11-50,kmmedicaltrading.com
canada,,mn3DCvs6QGU7UhNPmydjEg3sfmHS,hospital & health care,linkedin.com/company/hospice-miramichi-inc,miramichi,hospice miramichi inc,new brunswick,11-50,hospicemiramichi.com
canada,2015,EL3WEdFGSXCkhoepkXd62wf5pfiq,hospital & health care,linkedin.com/company/urbaneyes-ottawa,ottawa,urbaneyes ottawa,ontario,1-10,urbaneyesottawa.com
canada,2013,Sj3HWCnpBmUkCenIJBhrbQbrsNWF,hospital & health care,linkedin.com/company/pathcan,toronto,pathcanada,ontario,11-50,pathontario.com
canada,,0kkgrtJUKR5orkCWozeqWgI56LwB,hospital & health care,linkedin.com/company/intelligent-healthcare-services,vancouver,intelligent healthcare services,british columbia,1-10,intellihs.in
canada,,nTeDkFg9B4dK15C39rvkNgdoTtsl,hospital & health care,linkedin.com/company/neron,montréal,neron,quebec,1-10,neronhsu.se
canada,,i7QP0Hex0d6RNk6wOR2BRACwZ7Oh,hospital & health care,linkedin.com/company/impact-counselling-services,hamilton,impact counselling services,ontario,1-10,impactcounselling.com
canada,,BgLrnBw3klUudRKZrvF9iQSDhszo,hospital & health care,linkedin.com/company/kiwanis-nursing-home,sussex,kiwanis nursing home,new brunswick,51-200,kiwanisnursinghome.com
canada,2003,0u4pOXBdMwJBm8T8WR8nqwhqWDyS,hospital & health care,linkedin.com/company/clinique-ovo,montréal,clinique ovo,quebec,51-200,cliniqueovo.com
canada,2023,UUeVQoOxx2ZzOPmsArlfMwz91BVu,hospital & health care,linkedin.com/company/concierge-care-calgary,calgary,concierge care calgary,alberta,11-50,conciergecarecalgary.com
canada,2005,iQmjcSKClD1AUPfzqeArVgQxTe0W,hospital & health care,linkedin.com/company/hccss-ww,waterloo,home and community care support services waterloo wellington,ontario,201-500,waterloowellingtonlhin.on.ca
canada,,SkyXCnAcFjJgI4p9glbyBATXTP7I,hospital & health care,linkedin.com/company/lifecare-rx-pharmacy,oakville,lifecare rx pharmacy,ontario,1-10,lifecarerxpharmacy.com
canada,2010,N3a5WJiXZK2L2fCYyZ7elwqfVOEF,hospital & health care,linkedin.com/company/qdofp,powell river,qathet division of family practice,british columbia,11-50,
canada,,aLtCvHeC7C4pZyIYIZQzDwIskrbu,hospital & health care,linkedin.com/company/wilamina-wellness,waterloo,wilamina wellness,ontario,1-10,wilaminawellness.ca
canada,,FD7LnzvXRWtVf3yMZUNmQAeO4yso,hospital & health care,linkedin.com/company/dundas-weight-loss-clinic,north dundas,dundas weight loss clinic,ontario,1-10,dundasweightlossclinic.ca
canada,,DzQ93NPttwBFXfCgnRC7jwUw7OhI,hospital & health care,linkedin.com/company/brightshores-health-system,owen sound,brightshores health system,ontario,1001-5000,brightshores.ca
canada,,mkcV08udn9BglPEAvbcyoAENgI8A,hospital & health care,linkedin.com/company/holor-medical-centre,mississauga,holor medical centre,ontario,1-10,holormedicalcentre.ca
canada,,rIgwoE1BWP5btpj3BV9GIATrKGOy,hospital & health care,linkedin.com/company/integritycareservicesinc,regina,integrity care services inc.,saskatchewan,1-10,integrityhomecare.ca
canada,,ci2pbJYzz7lGEURKgTzNxQ8t9gZc,hospital & health care,linkedin.com/company/northwood-recovery,sudbury,northwood recovery,ontario,1-10,northwoodrecovery.ca
canada,1982,HapcHsfb1pBHCek9AEw2zQNZiRTD,hospital & health care,linkedin.com/company/aqua-dental-centre,north vancouver,aqua dental centre,british columbia,1-10,aquadentalcentre.ca
canada,2005,sfDiJ4IZ4im8OyXxT53rfg8iGDhR,hospital & health care,linkedin.com/company/the-tooth-corner,mississauga,the tooth corner,ontario,501-1000,toothcorner.com
canada,1996,3Ti0kmCxzoAgTCpvDB1BVwG8UwdW,hospital & health care,linkedin.com/company/lionsgatehomecare,north vancouver,lions gate home care,british columbia,11-50,lionsgatehomecare.ca
canada,2020,tOOIaI6QCHrWGJqw8YYmxABSLQfZ,hospital & health care,linkedin.com/company/physiothérapie-au-féminin,laval,physiothérapie au féminin,quebec,1-10,physioaufeminin.com
canada,,zXor1wnr72XOPImxT7CJWQsskZPN,hospital & health care,linkedin.com/company/wordplay-therapy-services-inc,penticton,wordplay therapy services,british columbia,1-10,
canada,2019,wBcIdP75IPAtcljjjRfghwZCDvjl,hospital & health care,linkedin.com/company/isonvasc,montréal,ison vascular access student club,quebec,1-10,facebook.com/isonvasc
canada,2014,wtBqgTVM3Cbt39mebrnG9gZxhSUv,hospital & health care,linkedin.com/company/respiratory-therapists-without-borders,toronto,respiratory therapists without borders / inhalothérapeutes sans frontières (rtwb/isf),ontario,11-50,rtwb.ca
canada,1997,sMTQp6hHZfX5iG7BYuiGYgIWxZqi,hospital & health care,linkedin.com/company/saidi-dental-group,langley,saidi dental group,british columbia,11-50,saididentalgroup.ca
canada,1979,xJKfBoOFmed6gpWHvDl2EQqQGIh0,hospital & health care,linkedin.com/company/karl-hager-limb-&-brace,edmonton,karl hager limb & brace,alberta,11-50,khager.com
canada,2007,5ekffz2RCcEi55ibbuCGRgL66Whr,hospital & health care,linkedin.com/company/the-art-of-smile-dental-clinic,vancouver,the art of smile dental clinic,british columbia,11-50,theartofsmile.ca
canada,2020,dQ1la1cguUSr1n4NA8hDtAC2p3lA,hospital & health care,linkedin.com/company/liminality-innovations,calgary,liminality innovations inc,alberta,1-10,liminality.ca
canada,,byr7ptkJNucCoAjOGAoodgMIJsJi,hospital & health care,linkedin.com/company/yorkdermatology,richmond hill,york dermatology clinic & research centre,ontario,11-50,yorkdermatology.ca
